ID,Name,Image URL
"7c29aa7b-9683-46e9-a823-a4ed123dc2b9","P50 Fluorine-Free A-Foam Service-Free Fire Extinguisher","https://jcbmtyxdosbiuaapukqi.supabase.co/storage/v1/object/public/products/P50%20FluorineFree%20AFoam%20ServiceFree%20Fire%20Extinguisher.jpg"
"cae894f7-9b2c-4213-951c-4f9c2cf4b093","P50 Fluorine-Free B-Foam Service-Free Fire Extinguisher","https://jcbmtyxdosbiuaapukqi.supabase.co/storage/v1/object/public/products/P50%20FluorineFree%20BFoam%20ServiceFree%20Fire%20Extinguisher.jpg"
"ba97ef02-f96a-42ba-af23-9b5c009b7b4b","P50 Service-Free 2ltr Foam Fire Extinguisher","https://jcbmtyxdosbiuaapukqi.supabase.co/storage/v1/object/public/products/P50%20ServiceFree%202ltr%20Foam%20Fire%20Extinguisher.jpg"
"e7ce4432-bc07-404e-8d55-0c7184a33aae","P50 Service-Free 6ltr Foam Fire Extinguisher","https://jcbmtyxdosbiuaapukqi.supabase.co/storage/v1/object/public/products/P50%20ServiceFree%206ltr%20Foam%20Fire%20Extinguisher.jpg"
"882ca69f-3395-4788-b510-28846fe210c6","P50 Service-Free 9ltr Foam Fire Extinguisher","https://jcbmtyxdosbiuaapukqi.supabase.co/storage/v1/object/public/products/P50%20ServiceFree%209ltr%20Foam%20Fire%20Extinguisher.jpg"
"6519ef74-f713-4552-a92c-c1485ab2dff8","1ltr Foam Fire Extinguisher - Jewel Fire Group","https://jcbmtyxdosbiuaapukqi.supabase.co/storage/v1/object/public/products/1ltr%20Foam%20Fire%20Extinguisher%20%20Jewel%20Fire%20Group.jpg"
"2ad741d9-e30e-4d70-a423-8dbd1a947ada","2ltr Foam Fire Extinguisher - UltraFire","https://jcbmtyxdosbiuaapukqi.supabase.co/storage/v1/object/public/products/2ltr%20Foam%20Fire%20Extinguisher%20%20UltraFire.jpg"
"6a71d680-eedd-4f92-91eb-8845e5ff600c","3ltr Foam Fire Extinguisher - Jewel Fire Group","https://jcbmtyxdosbiuaapukqi.supabase.co/storage/v1/object/public/products/3ltr%20Foam%20Fire%20Extinguisher%20%20Jewel%20Fire%20Group.jpg"
"75f6b54e-26a0-4acc-80ff-2d1e58756f73","6ltr Foam Fire Extinguisher - UltraFire","https://jcbmtyxdosbiuaapukqi.supabase.co/storage/v1/object/public/products/6ltr%20Foam%20Fire%20Extinguisher%20%20UltraFire.jpg"
"49dbd093-f1ec-4d89-9c9f-53ed375da13a","6ltr Foam Fire Extinguisher - Britannia","https://jcbmtyxdosbiuaapukqi.supabase.co/storage/v1/object/public/products/6ltr%20Foam%20Fire%20Extinguisher%20%20Britannia.jpg"
"ff8106c2-90fe-4012-9044-4364621d5d53","Stainless Steel 6ltr Foam Fire Extinguisher","https://jcbmtyxdosbiuaapukqi.supabase.co/storage/v1/object/public/products/Stainless%20Steel%206ltr%20Foam%20Fire%20Extinguisher.jpg"
"64c20424-ff58-4d28-a507-4154758931b2","9ltr Foam Fire Extinguisher - UltraFire","https://jcbmtyxdosbiuaapukqi.supabase.co/storage/v1/object/public/products/9ltr%20Foam%20Fire%20Extinguisher%20%20UltraFire.jpg"
"7d60ee49-5f1c-44af-964f-ab912d0c7944","9ltr Foam Fire Extinguisher - Britannia","https://jcbmtyxdosbiuaapukqi.supabase.co/storage/v1/object/public/products/9ltr%20Foam%20Fire%20Extinguisher%20%20Britannia.jpg"
"ceaa0692-aed9-4fc2-9bf7-38a4038fd4e7","Stainless Steel 9ltr Foam Fire Extinguisher","https://jcbmtyxdosbiuaapukqi.supabase.co/storage/v1/object/public/products/Stainless%20Steel%209ltr%20Foam%20Fire%20Extinguisher.jpg"
"6e757bf0-c5f9-4be5-8633-2935d4d1b8fb","Britannia Norfolk 45ltr Wheeled AFFF Foam Extinguisher","https://jcbmtyxdosbiuaapukqi.supabase.co/storage/v1/object/public/products/Britannia%20Norfolk%2045ltr%20Wheeled%20AFFF%20Foam%20Extinguisher.jpg"
"892ea856-e8d3-4174-9238-d2c0130a7dab","Britannia Norfolk 50kg Wheeled ABC Dry Powder Extinguisher","https://jcbmtyxdosbiuaapukqi.supabase.co/storage/v1/object/public/products/Britannia%20Norfolk%2050kg%20Wheeled%20ABC%20Dry%20Powder%20Extinguisher.jpg"
"c5f3ac8c-9c8e-494e-9316-d8138433c975","Britannia Norfolk 135ltr Wheeled AFFF Foam Extinguisher","https://jcbmtyxdosbiuaapukqi.supabase.co/storage/v1/object/public/products/Britannia%20Norfolk%20135ltr%20Wheeled%20AFFF%20Foam%20Extinguisher.jpg"
"09111f57-cf36-4e53-9c60-d323d88f070a","Britannia Norfolk 100kg Wheeled ABC Dry Powder Extinguisher","https://jcbmtyxdosbiuaapukqi.supabase.co/storage/v1/object/public/products/Britannia%20Norfolk%20100kg%20Wheeled%20ABC%20Dry%20Powder%20Extinguisher.jpg"
"f77191a1-40a7-4634-a395-49703feb5542","1kg Powder Fire Extinguisher & Fire Blanket Special Offer","https://jcbmtyxdosbiuaapukqi.supabase.co/storage/v1/object/public/products/1kg%20Powder%20Fire%20Extinguisher%20%20Fire%20Blanket%20Special%20Offer.jpg"
"1516f90c-c18e-4e9d-9f51-d7dafd0f8550","600g & 950g Powder Fire Extinguishers for Cars and Caravans - UltraFire","https://jcbmtyxdosbiuaapukqi.supabase.co/storage/v1/object/public/products/600g%20%20950g%20Powder%20Fire%20Extinguishers%20for%20Cars%20and%20Caravans%20%20UltraFire.jpg"
"b2786dd7-543f-4d75-90df-a1a5ae4f90f1","2kg Powder Fire Extinguisher & Fire Blanket Special Offer","https://jcbmtyxdosbiuaapukqi.supabase.co/storage/v1/object/public/products/2kg%20Powder%20Fire%20Extinguisher%20%20Fire%20Blanket%20Special%20Offer.jpg"
"692608f1-0eaa-4f16-b2a4-2e9cfe8a1c58","P50 Service-Free 6kg Powder Fire Extinguisher","https://jcbmtyxdosbiuaapukqi.supabase.co/storage/v1/object/public/products/P50%20ServiceFree%206kg%20Powder%20Fire%20Extinguisher.jpg"
"b7c55cec-2aab-436b-8069-466f077ae15d","P50 MED Service-Free 6kg Powder Fire Extinguisher","https://jcbmtyxdosbiuaapukqi.supabase.co/storage/v1/object/public/products/P50%20MED%20ServiceFree%206kg%20Powder%20Fire%20Extinguisher.jpg"
"739efeed-bbfc-474e-b63f-2d3f27022a97","9kg Powder Fire Extinguisher - UltraFire","https://jcbmtyxdosbiuaapukqi.supabase.co/storage/v1/object/public/products/9kg%20Powder%20Fire%20Extinguisher%20%20UltraFire.jpg"
"ec80f784-b321-448d-88e3-b78cccc5883e","Thomas Glover 9kg Monnex Powder Extinguisher","https://jcbmtyxdosbiuaapukqi.supabase.co/storage/v1/object/public/products/Thomas%20Glover%209kg%20Monnex%20Powder%20Extinguisher.jpg"
"fb2490b2-61ba-4be9-be46-5a34ebe7dbc1","P50 Service-Free 9kg Powder Fire Extinguisher","https://jcbmtyxdosbiuaapukqi.supabase.co/storage/v1/object/public/products/P50%20ServiceFree%209kg%20Powder%20Fire%20Extinguisher.jpg"
"a6e8198f-bebb-4fee-9fbc-3613f09695a1","Britannia Norfolk 45kg Wheeled Monnex Powder Extinguisher","https://jcbmtyxdosbiuaapukqi.supabase.co/storage/v1/object/public/products/Britannia%20Norfolk%2045kg%20Wheeled%20Monnex%20Powder%20Extinguisher.jpg"
"8634d6fa-04ad-4e11-b8d5-b883c551d877","Britannia Norfolk 50kg Wheeled BC Dry Powder Extinguisher","https://jcbmtyxdosbiuaapukqi.supabase.co/storage/v1/object/public/products/Britannia%20Norfolk%2050kg%20Wheeled%20BC%20Dry%20Powder%20Extinguisher.jpg"
"258b0a4f-0612-4321-81a4-cbded1f7a9f9","6ltr Wet Chemical Fire Extinguisher & Fire Blanket Special Offer","https://jcbmtyxdosbiuaapukqi.supabase.co/storage/v1/object/public/products/6ltr%20Wet%20Chemical%20Fire%20Extinguisher%20%20Fire%20Blanket%20Special%20Offer.jpg"
"eaee9811-5cc3-47de-b486-4c12149dc92f","6ltr Wet Chemical Fire Extinguisher - UltraFire","https://jcbmtyxdosbiuaapukqi.supabase.co/storage/v1/object/public/products/6ltr%20Wet%20Chemical%20Fire%20Extinguisher%20%20UltraFire.jpg"
"494c0755-4552-4a98-9243-7b9b84a43d6f","2ltr Wet Chemical Fire Extinguisher","https://jcbmtyxdosbiuaapukqi.supabase.co/storage/v1/object/public/products/2ltr%20Wet%20Chemical%20Fire%20Extinguisher.jpg"
"7f299ee3-53f5-4026-82ef-f23b63a50e09","3ltr Wet Chemical Fire Extinguisher - Jewel Fire Group","https://jcbmtyxdosbiuaapukqi.supabase.co/storage/v1/object/public/products/3ltr%20Wet%20Chemical%20Fire%20Extinguisher%20%20Jewel%20Fire%20Group.jpg"
"7fc774f1-6bbd-4852-8dd4-8ab5290818ae","Kitchen Fire Safety Kit - Safelincs","https://jcbmtyxdosbiuaapukqi.supabase.co/storage/v1/object/public/products/Kitchen%20Fire%20Safety%20Kit%20%20Safelincs.jpg"
"9c2851f2-2809-495f-9c0f-38db0a7a1491","Home Fire Safety Kit - Safelincs","https://jcbmtyxdosbiuaapukqi.supabase.co/storage/v1/object/public/products/Home%20Fire%20Safety%20Kit%20%20Safelincs.jpg"
"b135bbb5-df7f-4c6a-b0a0-7e5ba820ad70","Home Fire Safety Kit with Radio Interlink - Safelincs","https://jcbmtyxdosbiuaapukqi.supabase.co/storage/v1/object/public/products/Home%20Fire%20Safety%20Kit%20with%20Radio%20Interlink%20%20Safelincs.jpg"
"b48a27df-1ba9-4bd5-ab4a-3a6cfebedf60","9kg Powder Fire Extinguisher & Single Extinguisher Stand Special Offer","https://jcbmtyxdosbiuaapukqi.supabase.co/storage/v1/object/public/products/9kg%20Powder%20Fire%20Extinguisher%20%20Single%20Extinguisher%20Stand%20Special%20Offer.jpg"
"ee8f7c63-bed2-487b-87f7-715fe050aaa2","UltraFire Fire Blanket 1.0 x 1.0m","https://jcbmtyxdosbiuaapukqi.supabase.co/storage/v1/object/public/products/UltraFire%20Fire%20Blanket%2010%20x%2010m.jpg"
"d82e6ddb-4174-475b-8b86-b70717b7b535","UltraFire Fire Blanket 1.2 x 1.2m","https://jcbmtyxdosbiuaapukqi.supabase.co/storage/v1/object/public/products/UltraFire%20Fire%20Blanket%2012%20x%2012m.jpg"
"5fa3d96b-349a-4c09-887a-06ca88f15b29","UltraFire Fire Blanket 1.2 x 1.8m","https://jcbmtyxdosbiuaapukqi.supabase.co/storage/v1/object/public/products/UltraFire%20Fire%20Blanket%2012%20x%2018m.jpg"
"ce74ea91-3987-4da0-9670-14f80fd31dad","Car Fire Blanket for Electric Vehicles - Bridgehill","https://jcbmtyxdosbiuaapukqi.supabase.co/storage/v1/object/public/products/Car%20Fire%20Blanket%20for%20Electric%20Vehicles%20%20Bridgehill.jpg"
"27ddec37-c131-41c5-853b-825d0425f12b","Small Automatic Powder Fire Extinguishers","https://jcbmtyxdosbiuaapukqi.supabase.co/storage/v1/object/public/products/Small%20Automatic%20Powder%20Fire%20Extinguishers.jpg"
"b97beeae-af9d-466a-b31f-138ce276d84b","Large Automatic Powder Fire Extinguishers","https://jcbmtyxdosbiuaapukqi.supabase.co/storage/v1/object/public/products/Large%20Automatic%20Powder%20Fire%20Extinguishers.jpg"
"59d6b2f0-27d9-4c73-a70e-889adcea9f75","Redetec Novec 1230 Rack Mounted Automatic Fire Suppression Unit","https://jcbmtyxdosbiuaapukqi.supabase.co/storage/v1/object/public/products/Redetec%20Novec%201230%20Rack%20Mounted%20Automatic%20Fire%20Suppression%20Unit.jpg"
"cd5e802d-956f-4aa2-8815-55adcbd8befb","Lithium-Ion Battery Fire Protection Box - CEMO Li-SAFE","https://jcbmtyxdosbiuaapukqi.supabase.co/storage/v1/object/public/products/LithiumIon%20Battery%20Fire%20Protection%20Box%20%20CEMO%20LiSAFE.jpg"
"13443b8f-f51d-4b72-89b5-1795b4b1c2a9","Lithco Fire Protection Pallet Cover","https://jcbmtyxdosbiuaapukqi.supabase.co/storage/v1/object/public/products/Lithco%20Fire%20Protection%20Pallet%20Cover.jpg"
"bfe5e0d8-08b4-4025-a31c-2173cf266edc","Jalite Safety Sign Hanging Z Hooks Kit","https://jcbmtyxdosbiuaapukqi.supabase.co/storage/v1/object/public/products/Jalite%20Safety%20Sign%20Hanging%20Z%20Hooks%20Kit.jpg"
"02a563aa-523a-43b5-aeab-903fa44d1c66","Phoenix Battery Commander 1931 - Lithium-Ion Battery Safe","https://jcbmtyxdosbiuaapukqi.supabase.co/storage/v1/object/public/products/Phoenix%20Battery%20Commander%201931%20%20LithiumIon%20Battery%20Safe.jpg"
"dec4183f-df93-4814-a73e-88eba55a581c","Phoenix Battery Commander 1932 - Lithium-Ion Battery Safe","https://jcbmtyxdosbiuaapukqi.supabase.co/storage/v1/object/public/products/Phoenix%20Battery%20Commander%201932%20%20LithiumIon%20Battery%20Safe.jpg"
"c09aa604-0c99-44a5-8783-d3f4970c01c4","Phoenix Battery Commander 1934 - Lithium-Ion Battery Safe","https://jcbmtyxdosbiuaapukqi.supabase.co/storage/v1/object/public/products/Phoenix%20Battery%20Commander%201934%20%20LithiumIon%20Battery%20Safe.jpg"
"95450a21-6d7f-4000-961d-77d6ad98a27b","Fire Extinguisher Wall Signs from Jalite","https://jcbmtyxdosbiuaapukqi.supabase.co/storage/v1/object/public/products/Fire%20Extinguisher%20Wall%20Signs%20from%20Jalite.jpg"
"3b61a3cf-9183-4717-8b73-4932e9e0dc2a","Panoramic Fire Equipment Signs","https://jcbmtyxdosbiuaapukqi.supabase.co/storage/v1/object/public/products/Panoramic%20Fire%20Equipment%20Signs.jpg"
"15b83910-feeb-4987-8125-f7ed2f5ba121","White Rigid Plastic Extinguisher ID Signs","https://jcbmtyxdosbiuaapukqi.supabase.co/storage/v1/object/public/products/White%20Rigid%20Plastic%20Extinguisher%20ID%20Signs.jpg"
"083b5d43-3a2b-4766-ac22-fa9b1751c9df","Stainless Steel Fire Extinguisher ID Signs - Henry Wolfe","https://jcbmtyxdosbiuaapukqi.supabase.co/storage/v1/object/public/products/Stainless%20Steel%20Fire%20Extinguisher%20ID%20Signs%20%20Henry%20Wolfe.jpg"
"76dd7cb0-c6c7-49d6-97b8-8ffa522769a9","Fire Extinguisher Sign","https://jcbmtyxdosbiuaapukqi.supabase.co/storage/v1/object/public/products/Fire%20Extinguisher%20Sign.jpg"
"78ad2bb7-9c24-40f5-a0d2-7464f44b3834","Photoluminescent Fire Hose Signs","https://jcbmtyxdosbiuaapukqi.supabase.co/storage/v1/object/public/products/Photoluminescent%20Fire%20Hose%20Signs.jpg"
"fbbf6f3f-e744-46f6-b2aa-dbc3cedfbd20","P50 Foam Fire Extinguisher ID Signs","https://jcbmtyxdosbiuaapukqi.supabase.co/storage/v1/object/public/products/P50%20Foam%20Fire%20Extinguisher%20ID%20Signs.jpg"
"f546e742-338e-42b9-8f68-e926d37595b8","P50 Powder Fire Extinguisher ID Signs","https://jcbmtyxdosbiuaapukqi.supabase.co/storage/v1/object/public/products/P50%20Powder%20Fire%20Extinguisher%20ID%20Signs.jpg"
"14220f95-8fce-49d9-9693-0f34c3c3a92b","FE36 Fire Extinguisher Sign","https://jcbmtyxdosbiuaapukqi.supabase.co/storage/v1/object/public/products/FE36%20Fire%20Extinguisher%20Sign.jpg"
"19f66769-3f00-451e-ba12-8e3bd12de7d9","Know Your Fire Extinguishers Training Aid Sign","https://jcbmtyxdosbiuaapukqi.supabase.co/storage/v1/object/public/products/Know%20Your%20Fire%20Extinguishers%20Training%20Aid%20Sign.jpg"
"4461acaa-91e8-4e5b-b3b5-259f96a7ca2a","Know Your Fire Extinguishers Training Aid Sign - Extended Version","https://jcbmtyxdosbiuaapukqi.supabase.co/storage/v1/object/public/products/Know%20Your%20Fire%20Extinguishers%20Training%20Aid%20Sign%20%20Extended%20Version.jpg"
"004a63cf-a5b1-4748-bd0f-93c4646cd3be","Self-Adhesive Wall Mounting Kit","https://jcbmtyxdosbiuaapukqi.supabase.co/storage/v1/object/public/products/SelfAdhesive%20Wall%20Mounting%20Kit.jpg"
"8314f15a-1295-403b-bd45-3eff38de4d17","50kg Powder Wheeled Fire Extinguisher","https://jcbmtyxdosbiuaapukqi.supabase.co/storage/v1/object/public/products/50kg%20Powder%20Wheeled%20Fire%20Extinguisher.jpg"
"9f3dd3e5-e629-4fae-b7ed-f7904600be7d","Britannia Norfolk 70kg Wheeled BC Dry Powder Extinguisher","https://jcbmtyxdosbiuaapukqi.supabase.co/storage/v1/object/public/products/Britannia%20Norfolk%2070kg%20Wheeled%20BC%20Dry%20Powder%20Extinguisher.jpg"
"752edbcb-717c-421a-9ca4-4e7f6173d9c3","Britannia Norfolk 60kg Wheeled ABC Dry Powder Extinguisher","https://jcbmtyxdosbiuaapukqi.supabase.co/storage/v1/object/public/products/Britannia%20Norfolk%2060kg%20Wheeled%20ABC%20Dry%20Powder%20Extinguisher.jpg"
"a398206b-3633-4a4e-9b36-9731299e71b5","100kg Powder Wheeled Fire Extinguisher","https://jcbmtyxdosbiuaapukqi.supabase.co/storage/v1/object/public/products/100kg%20Powder%20Wheeled%20Fire%20Extinguisher.jpg"
"865e0a2b-5c23-40dd-8b4f-70ee5cfeb433","Britannia Norfolk 50kg Wheeled Monnex Powder Extinguisher","https://jcbmtyxdosbiuaapukqi.supabase.co/storage/v1/object/public/products/Britannia%20Norfolk%2050kg%20Wheeled%20Monnex%20Powder%20Extinguisher.jpg"
"a9a7bd0c-29df-421f-a107-dfcbb9a88152","Britannia Norfolk 63kg Wheeled Monnex Powder Extinguisher","https://jcbmtyxdosbiuaapukqi.supabase.co/storage/v1/object/public/products/Britannia%20Norfolk%2063kg%20Wheeled%20Monnex%20Powder%20Extinguisher.jpg"
"1645b16c-ae40-474c-af31-d321a55848fd","Home Working Fire Safety Kit - Safelincs","https://jcbmtyxdosbiuaapukqi.supabase.co/storage/v1/object/public/products/Home%20Working%20Fire%20Safety%20Kit%20%20Safelincs.jpg"
"cffddfc9-98db-4e69-883b-752097bde4c5","Vehicle Safety Kit - Safelincs","https://jcbmtyxdosbiuaapukqi.supabase.co/storage/v1/object/public/products/Vehicle%20Safety%20Kit%20%20Safelincs.jpg"
"b3dd6b87-2835-4c51-b3e3-e83873aaa0a4","Gloria Extinguisher Vehicle Box APD6VBOX","https://jcbmtyxdosbiuaapukqi.supabase.co/storage/v1/object/public/products/Gloria%20Extinguisher%20Vehicle%20Box%20APD6VBOX.jpg"
"b35156d0-12f8-4f1e-aaf0-3ee8385f95c7","Safelincs Caravan Fire Safety Kit","https://jcbmtyxdosbiuaapukqi.supabase.co/storage/v1/object/public/products/Safelincs%20Caravan%20Fire%20Safety%20Kit.jpg"
"e60f007e-6d7a-41cb-9f62-09049650a644","Wildfire Beater - UltraFire","https://jcbmtyxdosbiuaapukqi.supabase.co/storage/v1/object/public/products/Wildfire%20Beater%20%20UltraFire.jpg"
"93539d3f-0bb7-4a4e-85f5-bb13e4fea151","UltraFire Durable Double Fire Extinguisher Stand – Red","https://jcbmtyxdosbiuaapukqi.supabase.co/storage/v1/object/public/products/UltraFire%20Durable%20Double%20Fire%20Extinguisher%20Stand%20%20Red.jpg"
"c0bf7b06-9194-431b-a227-1b8b019958fe","Universal Single Fire Point - Carbon Fibre Effect","https://jcbmtyxdosbiuaapukqi.supabase.co/storage/v1/object/public/products/Universal%20Single%20Fire%20Point%20%20Carbon%20Fibre%20Effect.jpg"
"43a3b630-a7db-4bcf-8b61-6195cde59c06","UltraFire Durable Single Fire Extinguisher Stand – Red","https://jcbmtyxdosbiuaapukqi.supabase.co/storage/v1/object/public/products/UltraFire%20Durable%20Single%20Fire%20Extinguisher%20Stand%20%20Red.jpg"
"5723aa0f-6e13-4171-b55a-eb4752ee4a23","Universal Modular Fire Extinguisher Stand - Single","https://jcbmtyxdosbiuaapukqi.supabase.co/storage/v1/object/public/products/Universal%20Modular%20Fire%20Extinguisher%20Stand%20%20Single.jpg"
"aa6b6380-c63b-4fe7-bd87-e031a144151d","Single Modular Fire Extinguisher Stand - Jonesco Rotationally Moulded","https://jcbmtyxdosbiuaapukqi.supabase.co/storage/v1/object/public/products/Single%20Modular%20Fire%20Extinguisher%20Stand%20%20Jonesco%20Rotationally%20Moulded.jpg"
"4fd377ab-b1e4-452c-b6db-4c475f0d434d","Universal Modular Fire Extinguisher Stand - Double & Triple","https://jcbmtyxdosbiuaapukqi.supabase.co/storage/v1/object/public/products/Universal%20Modular%20Fire%20Extinguisher%20Stand%20%20Double%20%20Triple.jpg"
"db3dd340-5d2e-4fe1-9e7d-21ccc73dc7b0","Double Modular Fire Extinguisher Stand - Jonesco Rotationally Moulded","https://jcbmtyxdosbiuaapukqi.supabase.co/storage/v1/object/public/products/Double%20Modular%20Fire%20Extinguisher%20Stand%20%20Jonesco%20Rotationally%20Moulded.jpg"
"aa3c562f-301e-4140-9f62-0ba906fb75a1","Single Red Metal Extinguisher Stand - UltraFire","https://jcbmtyxdosbiuaapukqi.supabase.co/storage/v1/object/public/products/Single%20Red%20Metal%20Extinguisher%20Stand%20%20UltraFire.jpg"
"04b75b97-e547-4f70-8dbe-6f24711a6908","Single Chrome Extinguisher Stand - UltraFire","https://jcbmtyxdosbiuaapukqi.supabase.co/storage/v1/object/public/products/Single%20Chrome%20Extinguisher%20Stand%20%20UltraFire.jpg"
"fa71ca7d-7be7-495e-b146-dc4ed47adeed","Double Red Metal Extinguisher Stand - UltraFire","https://jcbmtyxdosbiuaapukqi.supabase.co/storage/v1/object/public/products/Double%20Red%20Metal%20Extinguisher%20Stand%20%20UltraFire.jpg"
"79e12b17-fcda-45ef-95c8-74f0dbe817d1","P50 Single Fire Extinguisher Stand","https://jcbmtyxdosbiuaapukqi.supabase.co/storage/v1/object/public/products/P50%20Single%20Fire%20Extinguisher%20Stand.jpg"
"62e540b5-e201-4272-b311-a3226a86b808","Fire Extinguisher Anti-Theft Alarm Wall Bracket - X Alert","https://jcbmtyxdosbiuaapukqi.supabase.co/storage/v1/object/public/products/Fire%20Extinguisher%20AntiTheft%20Alarm%20Wall%20Bracket%20%20X%20Alert.jpg"
"4759b268-f1e5-4999-bc8a-256f3bad0eb7","Rotationally Moulded Double Extinguisher Trolley","https://jcbmtyxdosbiuaapukqi.supabase.co/storage/v1/object/public/products/Rotationally%20Moulded%20Double%20Extinguisher%20Trolley.jpg"
"7c737785-12c7-44cd-924c-304056af7b01","Double Fire Extinguisher Trolley","https://jcbmtyxdosbiuaapukqi.supabase.co/storage/v1/object/public/products/Double%20Fire%20Extinguisher%20Trolley.jpg"
"e5ce74ae-2282-440d-9902-9a332cecdae2","UltraFire Single Fire Extinguisher Cabinet","https://jcbmtyxdosbiuaapukqi.supabase.co/storage/v1/object/public/products/UltraFire%20Single%20Fire%20Extinguisher%20Cabinet.jpg"
"d421936f-ec2e-41c8-a9e3-4ab3932bbd40","UltraFire Weatherproof Double Fire Extinguisher Cabinet","https://jcbmtyxdosbiuaapukqi.supabase.co/storage/v1/object/public/products/UltraFire%20Weatherproof%20Double%20Fire%20Extinguisher%20Cabinet.jpg"
"b349e791-4ab1-4d31-8dae-53283065a685","Fire Extinguisher Cover","https://jcbmtyxdosbiuaapukqi.supabase.co/storage/v1/object/public/products/Fire%20Extinguisher%20Cover.jpg"
"dc92f30c-9056-4d3e-b35f-796ca70aa52b","Aluminium Assembly Area Sign - Fire Safety Signs from Jalite","https://jcbmtyxdosbiuaapukqi.supabase.co/storage/v1/object/public/products/Aluminium%20Assembly%20Area%20Sign%20%20Fire%20Safety%20Signs%20from%20Jalite.jpg"
"221f9046-ea62-4c9c-b9ee-47b367ce4a84","Jonesco Single Fire Extinguisher Cabinet","https://jcbmtyxdosbiuaapukqi.supabase.co/storage/v1/object/public/products/Jonesco%20Single%20Fire%20Extinguisher%20Cabinet.jpg"
"073f1638-4c01-4c66-b575-757ae869cc65","Firechief Single Fire Extinguisher Cabinet","https://jcbmtyxdosbiuaapukqi.supabase.co/storage/v1/object/public/products/Firechief%20Single%20Fire%20Extinguisher%20Cabinet.jpg"
"99300835-d441-45b5-9626-1605da73ed57","Henry Wolfe Decorative Stainless Steel Fire Blanket Cover","https://jcbmtyxdosbiuaapukqi.supabase.co/storage/v1/object/public/products/Henry%20Wolfe%20Decorative%20Stainless%20Steel%20Fire%20Blanket%20Cover.jpg"
"cd348da0-477c-46b8-b177-5917d93f9b32","Jo Bird Toughstore Fire Extinguisher Cabinet","https://jcbmtyxdosbiuaapukqi.supabase.co/storage/v1/object/public/products/Jo%20Bird%20Toughstore%20Fire%20Extinguisher%20Cabinet.jpg"
"a4cd213d-6945-48ae-862a-56be3d6d3d5d","Jonesco Double Fire Extinguisher Cabinet","https://jcbmtyxdosbiuaapukqi.supabase.co/storage/v1/object/public/products/Jonesco%20Double%20Fire%20Extinguisher%20Cabinet.jpg"
"1e1ea7d7-413e-4e09-8bc2-033332a8861a","Extended Single Fire Extinguisher Cabinet - Thomas Glover","https://jcbmtyxdosbiuaapukqi.supabase.co/storage/v1/object/public/products/Extended%20Single%20Fire%20Extinguisher%20Cabinet%20%20Thomas%20Glover.jpg"
"4a76f7f6-e69c-4e08-9bd4-df017abb51ca","Caravan Park Fire Extinguisher Storage Box","https://jcbmtyxdosbiuaapukqi.supabase.co/storage/v1/object/public/products/Caravan%20Park%20Fire%20Extinguisher%20Storage%20Box.jpg"
"4565d056-59ce-4ec4-a388-32b34de95a96","4ft & 5ft LED Emergency Lighting Strip Lights - Ipstones","https://jcbmtyxdosbiuaapukqi.supabase.co/storage/v1/object/public/products/4ft%20%205ft%20LED%20Emergency%20Lighting%20Strip%20Lights%20%20Ipstones.jpg"
"5b43fd07-6787-449c-bba2-7ea3aaf74ea0","4ft & 5ft LED Emergency Lighting Strip Lights - Neath","https://jcbmtyxdosbiuaapukqi.supabase.co/storage/v1/object/public/products/4ft%20%205ft%20LED%20Emergency%20Lighting%20Strip%20Lights%20%20Neath.jpg"
"6b927229-882a-487b-8c59-1a3bdc639313","Henry Wolfe Decorative Stainless Steel Fire Extinguisher Cabinet","https://jcbmtyxdosbiuaapukqi.supabase.co/storage/v1/object/public/products/Henry%20Wolfe%20Decorative%20Stainless%20Steel%20Fire%20Extinguisher%20Cabinet.jpg"
"2fccdc17-4914-4607-a37c-db767151f3a1","Fire Hose Cabinet","https://jcbmtyxdosbiuaapukqi.supabase.co/storage/v1/object/public/products/Fire%20Hose%20Cabinet.jpg"
"9a68a210-c258-41f7-9f60-65b934f5c20a","Mini Fire Extinguisher Theft Stopper STI 6255","https://jcbmtyxdosbiuaapukqi.supabase.co/storage/v1/object/public/products/Mini%20Fire%20Extinguisher%20Theft%20Stopper%20STI%206255.jpg"
"c9821ef7-b346-4d70-af83-12dca630063b","Fire Extinguisher Theft Stopper STI 6200","https://jcbmtyxdosbiuaapukqi.supabase.co/storage/v1/object/public/products/Fire%20Extinguisher%20Theft%20Stopper%20STI%206200.jpg"
"d44fd9e0-bd07-4af6-a657-2eb6c8ed0896","Weatherproof Fire Equipment Storage Bin - UltraFIre","https://jcbmtyxdosbiuaapukqi.supabase.co/storage/v1/object/public/products/Weatherproof%20Fire%20Equipment%20Storage%20Bin%20%20UltraFIre.jpg"
"b73d96ba-86a5-4048-9d80-1d937a1565f3","Replacement Keys for Rotationally Moulded Cabinets - 10 Pack","https://jcbmtyxdosbiuaapukqi.supabase.co/storage/v1/object/public/products/Replacement%20Keys%20for%20Rotationally%20Moulded%20Cabinets%20%2010%20Pack.jpg"
"6ddaacfe-325a-47ee-891c-2c51d4ebe4f3","Wireless Alert Series 4 Channel Voice Receiver","https://jcbmtyxdosbiuaapukqi.supabase.co/storage/v1/object/public/products/Wireless%20Alert%20Series%204%20Channel%20Voice%20Receiver.jpg"
"1b771b23-023d-40da-83b6-59bbed317e67","Wireless Fire Extinguisher Theft Stopper with Transmitter","https://jcbmtyxdosbiuaapukqi.supabase.co/storage/v1/object/public/products/Wireless%20Fire%20Extinguisher%20Theft%20Stopper%20with%20Transmitter.jpg"
"878fbb4a-78d6-4645-b6f9-ea839bee834e","Wireless Fire Extinguisher Theft Stopper and 8 Channel Receiver Pack","https://jcbmtyxdosbiuaapukqi.supabase.co/storage/v1/object/public/products/Wireless%20Fire%20Extinguisher%20Theft%20Stopper%20and%208%20Channel%20Receiver%20Pack.jpg"
"559df429-3643-452a-87bb-f95dc3268264","Fire Point CO2 Fire Extinguisher Inverted Lug Bracket","https://jcbmtyxdosbiuaapukqi.supabase.co/storage/v1/object/public/products/Fire%20Point%20CO2%20Fire%20Extinguisher%20Inverted%20Lug%20Bracket.jpg"
"fdd11c02-2138-4559-ad27-06dc88fab45b","Non-Magnetic CO2 Fire Extinguisher Bracket","https://jcbmtyxdosbiuaapukqi.supabase.co/storage/v1/object/public/products/NonMagnetic%20CO2%20Fire%20Extinguisher%20Bracket.jpg"
"38a58393-0089-4303-b255-aaf2cd79a483","CO2 Extinguisher Transport Bracket","https://jcbmtyxdosbiuaapukqi.supabase.co/storage/v1/object/public/products/CO2%20Extinguisher%20Transport%20Bracket.jpg"
"2fec57fe-c27d-4e02-9e40-3ad97dd93229","Universal Extinguisher Transport Bracket","https://jcbmtyxdosbiuaapukqi.supabase.co/storage/v1/object/public/products/Universal%20Extinguisher%20Transport%20Bracket.jpg"
"9dbb7c9d-5e2b-413e-a639-a80de2b534c2","Stainless Steel Strap for 2litre/2kg Fire Extinguisher","https://jcbmtyxdosbiuaapukqi.supabase.co/storage/v1/object/public/products/Stainless%20Steel%20Strap%20for%202litre2kg%20Fire%20Extinguisher.jpg"
"1a652f3b-7197-4fb9-a6df-4122ea0a84be","Heavy Duty Extinguisher Transport Bracket","https://jcbmtyxdosbiuaapukqi.supabase.co/storage/v1/object/public/products/Heavy%20Duty%20Extinguisher%20Transport%20Bracket.jpg"
"197f6af7-ffeb-406e-9a96-6f452aa8cdd8","Britannia P50 Conversion Over-Bracket","https://jcbmtyxdosbiuaapukqi.supabase.co/storage/v1/object/public/products/Britannia%20P50%20Conversion%20OverBracket.jpg"
"a2bdbc75-d78d-45cb-a824-24ef8cc4e660","EVAC+CHAIR Reception Wall Notice","https://jcbmtyxdosbiuaapukqi.supabase.co/storage/v1/object/public/products/EVACCHAIR%20Reception%20Wall%20Notice.jpg"
"1c82bc54-d0fd-4af2-a1a4-6bd69c04ef5e","19mmx30m Fire Hose","https://jcbmtyxdosbiuaapukqi.supabase.co/storage/v1/object/public/products/19mmx30m%20Fire%20Hose.jpg"
"08dfcc62-5fb4-44cf-ae8b-9558fffb3542","Hose Reel Cabinet","https://jcbmtyxdosbiuaapukqi.supabase.co/storage/v1/object/public/products/Hose%20Reel%20Cabinet.jpg"
"5cccec02-454a-49b6-9d72-8b9a315bbac6","Beaded Hose Guide","https://jcbmtyxdosbiuaapukqi.supabase.co/storage/v1/object/public/products/Beaded%20Hose%20Guide.jpg"
"f8b5445b-8cb2-4553-83ec-22b476e07784","Plastic Fire Bucket","https://jcbmtyxdosbiuaapukqi.supabase.co/storage/v1/object/public/products/Plastic%20Fire%20Bucket.jpg"
"f4a02bd3-bd48-49e8-b6de-e77c93b20329","Fire Bucket Bracket","https://jcbmtyxdosbiuaapukqi.supabase.co/storage/v1/object/public/products/Fire%20Bucket%20Bracket.jpg"
"d7574366-3112-405d-82b8-1005585b4776","Fire Extinguisher Servicing Engineer's Kit - UltraFire","https://jcbmtyxdosbiuaapukqi.supabase.co/storage/v1/object/public/products/Fire%20Extinguisher%20Servicing%20Engineers%20Kit%20%20UltraFire.jpg"
"b59ac5a5-e436-41c4-be8d-4661949df39d","Fire Extinguisher Engineer Servicing Clamp - UltraFire","https://jcbmtyxdosbiuaapukqi.supabase.co/storage/v1/object/public/products/Fire%20Extinguisher%20Engineer%20Servicing%20Clamp%20%20UltraFire.jpg"
"29f39b85-c7d6-464a-9bb5-3aa70eacf357","Extinguisher Valve Removal and Recharge Bar","https://jcbmtyxdosbiuaapukqi.supabase.co/storage/v1/object/public/products/Extinguisher%20Valve%20Removal%20and%20Recharge%20Bar.jpg"
"67b8f11a-e999-494c-a606-a19f6474589e","Salter Brecknell ElectroSamson Digital Scales - 25kg","https://jcbmtyxdosbiuaapukqi.supabase.co/storage/v1/object/public/products/Salter%20Brecknell%20ElectroSamson%20Digital%20Scales%20%2025kg.jpg"
"00a81280-8e04-475f-b7db-63b0bf3f3c44","Fire Extinguisher Adaptor Kit for use with Nitrogen Regulator and Hose","https://jcbmtyxdosbiuaapukqi.supabase.co/storage/v1/object/public/products/Fire%20Extinguisher%20Adaptor%20Kit%20for%20use%20with%20Nitrogen%20Regulator%20and%20Hose.jpg"
"b77a0fc6-ba31-4c1e-b161-a794a7ac6382","Nitrogen Regulator and Hose","https://jcbmtyxdosbiuaapukqi.supabase.co/storage/v1/object/public/products/Nitrogen%20Regulator%20and%20Hose.jpg"
"4338fa86-5ca3-4f11-9642-08efa25a7cdb","Fire Safety Log Book","https://jcbmtyxdosbiuaapukqi.supabase.co/storage/v1/object/public/products/Fire%20Safety%20Log%20Book.jpg"
"9d23755c-0739-46b6-8973-d9c4b62f588a","UltraFire Water Mist Refilling Adaptor","https://jcbmtyxdosbiuaapukqi.supabase.co/storage/v1/object/public/products/UltraFire%20Water%20Mist%20Refilling%20Adaptor.jpg"
"9056d60a-3b74-4c74-aef9-0cd1fdfae6e3","Firechief Head cap/Valve Removal Bar","https://jcbmtyxdosbiuaapukqi.supabase.co/storage/v1/object/public/products/Firechief%20Head%20capValve%20Removal%20Bar.jpg"
"da6b0a96-082c-4995-82bc-0e4a033267ab","Water Mist Fire Extinguisher Nozzle Holder","https://jcbmtyxdosbiuaapukqi.supabase.co/storage/v1/object/public/products/Water%20Mist%20Fire%20Extinguisher%20Nozzle%20Holder.jpg"
"dd2aef0b-d65d-45e8-8fb0-ef4a917dfd3f","2kg CO2 Standard Swivel Horn","https://jcbmtyxdosbiuaapukqi.supabase.co/storage/v1/object/public/products/2kg%20CO2%20Standard%20Swivel%20Horn.jpg"
"24266540-0f79-4624-ac10-09519c37a8b0","Chubb Type Pin and OK Indicator","https://jcbmtyxdosbiuaapukqi.supabase.co/storage/v1/object/public/products/Chubb%20Type%20Pin%20and%20OK%20Indicator.jpg"
"b8867238-4be8-4665-87de-7ed8796331c1","Fire Extinguisher Tamper Seals - Pack of 500","https://jcbmtyxdosbiuaapukqi.supabase.co/storage/v1/object/public/products/Fire%20Extinguisher%20Tamper%20Seals%20%20Pack%20of%20500.jpg"
"3c94d25a-9adb-4516-a47a-3cf92ae13d7b","Standard Fire Extinguisher Safety Pin - 50 pk","https://jcbmtyxdosbiuaapukqi.supabase.co/storage/v1/object/public/products/Standard%20Fire%20Extinguisher%20Safety%20Pin%20%2050%20pk.jpg"
"5487d984-3e7f-4f64-9787-61507326c13d","Nereus LPG and Carbon Monoxide Gas Boat Alarms","https://jcbmtyxdosbiuaapukqi.supabase.co/storage/v1/object/public/products/Nereus%20LPG%20and%20Carbon%20Monoxide%20Gas%20Boat%20Alarms.jpg"
"2375b5da-a85b-4073-b377-def1aba92f73","Analox Ax60+ Fixed CO2 Monitor, Sensor and Alarm Kit","https://jcbmtyxdosbiuaapukqi.supabase.co/storage/v1/object/public/products/Analox%20Ax60%20Fixed%20CO2%20Monitor%20Sensor%20and%20Alarm%20Kit.jpg"
"79bae759-1c03-4670-9e41-10ccaf7c607a","Smoke Sabre Aerosol Smoke Detector Tester - 150ml","https://jcbmtyxdosbiuaapukqi.supabase.co/storage/v1/object/public/products/Smoke%20Sabre%20Aerosol%20Smoke%20Detector%20Tester%20%20150ml.jpg"
"32c346a2-94bd-4aab-ad69-62ebce2b5e12","Solo C3 - Carbon Monoxide Detector Tester","https://jcbmtyxdosbiuaapukqi.supabase.co/storage/v1/object/public/products/Solo%20C3%20%20Carbon%20Monoxide%20Detector%20Tester.jpg"
"c9fe3cbe-6abd-4f7d-919f-144864518d8b","Solo C6 - Hand-held Carbon Monoxide Detector Tester","https://jcbmtyxdosbiuaapukqi.supabase.co/storage/v1/object/public/products/Solo%20C6%20%20Handheld%20Carbon%20Monoxide%20Detector%20Tester.jpg"
"ee35de73-b104-47cc-9151-9d7f4150b383","Solo 365 Universal Charging Kit","https://jcbmtyxdosbiuaapukqi.supabase.co/storage/v1/object/public/products/Solo%20365%20Universal%20Charging%20Kit.jpg"
"766d81b5-2cd3-489a-8687-1d3ed08f5120","Solo 425 - Heat Detector Tester 5m Extension Cable","https://jcbmtyxdosbiuaapukqi.supabase.co/storage/v1/object/public/products/Solo%20425%20%20Heat%20Detector%20Tester%205m%20Extension%20Cable.jpg"
"82947922-9da1-46dd-9328-ed806a2814b3","Solo 365 ES3 Smoke Detector Tester Cartridge (Pack of 3)","https://jcbmtyxdosbiuaapukqi.supabase.co/storage/v1/object/public/products/Solo%20365%20ES3%20Smoke%20Detector%20Tester%20Cartridge%20Pack%20of%203.jpg"
"d0404230-30bb-4dcf-ac92-9b5e3bfaa7f0","Solo 101 - Extension Access Pole","https://jcbmtyxdosbiuaapukqi.supabase.co/storage/v1/object/public/products/Solo%20101%20%20Extension%20Access%20Pole.jpg"
"3d9796c5-f05c-4cab-95d3-092c68ec942a","Solo 365 Spare Battery Pack","https://jcbmtyxdosbiuaapukqi.supabase.co/storage/v1/object/public/products/Solo%20365%20Spare%20Battery%20Pack.jpg"
"a2302c66-a9fb-4e96-bc37-62ff89f806fd","Solo 770 - Cordless Heat Detector Tester Replacement 3.0Ah Battery Baton","https://jcbmtyxdosbiuaapukqi.supabase.co/storage/v1/object/public/products/Solo%20770%20%20Cordless%20Heat%20Detector%20Tester%20Replacement%2030Ah%20Battery%20Baton.jpg"
"3130d084-f525-4d00-b71f-5d3ab2fabcb8","Solo 727 - Fast Battery Charger","https://jcbmtyxdosbiuaapukqi.supabase.co/storage/v1/object/public/products/Solo%20727%20%20Fast%20Battery%20Charger.jpg"
"25b13410-dffc-49bc-b7b8-18845bb380c2","Testifire Replacement Smoke Capsules 3 or 6 Pack","https://jcbmtyxdosbiuaapukqi.supabase.co/storage/v1/object/public/products/Testifire%20Replacement%20Smoke%20Capsules%203%20or%206%20Pack.jpg"
"1249c059-14a7-4aa4-b8bc-82aa55d0c20f","Solo 610 - Protective Storage Bag","https://jcbmtyxdosbiuaapukqi.supabase.co/storage/v1/object/public/products/Solo%20610%20%20Protective%20Storage%20Bag.jpg"
"1ce5aaf1-ea43-4196-8aae-f00241f2180e","Testifire Replacement Carbon Monoxide Capsules 3 or 6 Pack","https://jcbmtyxdosbiuaapukqi.supabase.co/storage/v1/object/public/products/Testifire%20Replacement%20Carbon%20Monoxide%20Capsules%203%20or%206%20Pack.jpg"
"5f71dbc7-530b-41be-a3e8-3ed99d094457","Solo 330 - Smoke Dispenser","https://jcbmtyxdosbiuaapukqi.supabase.co/storage/v1/object/public/products/Solo%20330%20%20Smoke%20Dispenser.jpg"
"43d1fad8-4fcb-4741-8709-bd3833854db7","Solo 365 Replacement Smoke Generator","https://jcbmtyxdosbiuaapukqi.supabase.co/storage/v1/object/public/products/Solo%20365%20Replacement%20Smoke%20Generator.jpg"
"522dc749-cbb3-4b96-89c9-afd40950b47d","Solo 200 - Universal Detector Removal Tool","https://jcbmtyxdosbiuaapukqi.supabase.co/storage/v1/object/public/products/Solo%20200%20%20Universal%20Detector%20Removal%20Tool.jpg"
"cc481e6c-9a9a-46cf-a15b-c17991499879","Waterproof Call Point Cover - Flush Mounted - Sigma Smart+Guard Enviro SG-F-W Range","https://jcbmtyxdosbiuaapukqi.supabase.co/storage/v1/object/public/products/Waterproof%20Call%20Point%20Cover%20%20Flush%20Mounted%20%20Sigma%20SmartGuard%20Enviro%20SGFW%20Range.jpg"
"cef8f47b-c269-4cb7-8568-e714e8d4c0b8","Call Point Cover - Flush Mounted - Sigma Smart+Guard SG-F Range","https://jcbmtyxdosbiuaapukqi.supabase.co/storage/v1/object/public/products/Call%20Point%20Cover%20%20Flush%20Mounted%20%20Sigma%20SmartGuard%20SGF%20Range.jpg"
"fc76716a-037c-402e-a1c4-4c19cc36ebfb","Call Point Cover - Surface Mounted - Sigma Smart+Guard SG-S Range","https://jcbmtyxdosbiuaapukqi.supabase.co/storage/v1/object/public/products/Call%20Point%20Cover%20%20Surface%20Mounted%20%20Sigma%20SmartGuard%20SGS%20Range.jpg"
"d088043e-f6ca-449d-a086-bd6a1fccc397","Waterproof Call Point Cover - Surface Mounted - Sigma Smart+Guard Enviro SG-S-W Range","https://jcbmtyxdosbiuaapukqi.supabase.co/storage/v1/object/public/products/Waterproof%20Call%20Point%20Cover%20%20Surface%20Mounted%20%20Sigma%20SmartGuard%20Enviro%20SGSW%20Range.jpg"
"b2af4e32-7b87-4e48-a27b-1990961a159f","Green Call Point Cover - Flush Mounted - Sigma Smart+Guard SG-F Range","https://jcbmtyxdosbiuaapukqi.supabase.co/storage/v1/object/public/products/Green%20Call%20Point%20Cover%20%20Flush%20Mounted%20%20Sigma%20SmartGuard%20SGF%20Range.jpg"
"b1e618a5-1655-406c-aee7-c518cb7a7f8d","Green Waterproof Call Point Cover - Flush Mounted - Sigma Smart+Guard Enviro SG-F-W Range","https://jcbmtyxdosbiuaapukqi.supabase.co/storage/v1/object/public/products/Green%20Waterproof%20Call%20Point%20Cover%20%20Flush%20Mounted%20%20Sigma%20SmartGuard%20Enviro%20SGFW%20Range.jpg"
"8b598b85-5b6f-4efe-814a-0d37c882ec24","Green Call Point Cover - Surface Mounted - Sigma Smart+Guard SG-S Range","https://jcbmtyxdosbiuaapukqi.supabase.co/storage/v1/object/public/products/Green%20Call%20Point%20Cover%20%20Surface%20Mounted%20%20Sigma%20SmartGuard%20SGS%20Range.jpg"
"5872e446-ebfb-4284-89d6-973b532ace60","Green Waterproof Call Point Cover - Surface Mounted - Sigma Smart+Guard Enviro SG-S-W Range","https://jcbmtyxdosbiuaapukqi.supabase.co/storage/v1/object/public/products/Green%20Waterproof%20Call%20Point%20Cover%20%20Surface%20Mounted%20%20Sigma%20SmartGuard%20Enviro%20SGSW%20Range.jpg"
"7f71e010-85f8-45f3-b603-343091c7d89a","EVAC+CHAIR Dust Cover","https://jcbmtyxdosbiuaapukqi.supabase.co/storage/v1/object/public/products/EVACCHAIR%20Dust%20Cover.jpg"
"5c553af5-ac69-4d94-b12c-9127880412c0","Call Point Cover - Flush Mounted Universal Stopper STI 13010FR / STI 13020FR","https://jcbmtyxdosbiuaapukqi.supabase.co/storage/v1/object/public/products/Call%20Point%20Cover%20%20Flush%20Mounted%20Universal%20Stopper%20STI%2013010FR%20%20STI%2013020FR.jpg"
"a40aae15-469c-4fc5-b403-462b67ea67cd","Access Control Cover - Flush Mounted Universal Stopper STI 13010EG / STI 13020EG","https://jcbmtyxdosbiuaapukqi.supabase.co/storage/v1/object/public/products/Access%20Control%20Cover%20%20Flush%20Mounted%20Universal%20Stopper%20STI%2013010EG%20%20STI%2013020EG.jpg"
"b173db4b-248b-4a3e-964b-c463bd159d4c","Access Control Cover - Surface Mounted Universal Stopper STI 13110EG / STI 13120EG","https://jcbmtyxdosbiuaapukqi.supabase.co/storage/v1/object/public/products/Access%20Control%20Cover%20%20Surface%20Mounted%20Universal%20Stopper%20STI%2013110EG%20%20STI%2013120EG.jpg"
"17227f31-462c-4961-8d66-6c13d7c568d9","Call Point Cover 'Stopper 2' with Sounder STI 1100 (for flush mounted call points)","https://jcbmtyxdosbiuaapukqi.supabase.co/storage/v1/object/public/products/Call%20Point%20Cover%20Stopper%202%20with%20Sounder%20STI%201100%20for%20flush%20mounted%20call%20points.jpg"
"0cadd8f8-138e-4dc1-8d7d-dea0e3a3b7fa","Call Point Cover 'Stopper 2' with Sounder STI 1130 (for surface mounted call points)","https://jcbmtyxdosbiuaapukqi.supabase.co/storage/v1/object/public/products/Call%20Point%20Cover%20Stopper%202%20with%20Sounder%20STI%201130%20for%20surface%20mounted%20call%20points.jpg"
"f91c90c1-5717-431c-a3ad-92f1a4d9716e","Mains-Powered Carbon Dioxide (CO2) Air Quality Monitor with ""Traffic Light"" & Voice Alerts - Kidde KCO2M10","https://jcbmtyxdosbiuaapukqi.supabase.co/storage/v1/object/public/products/MainsPowered%20Carbon%20Dioxide%20CO2%20Air%20Quality%20Monitor%20with%20Traffic%20Light%20%20Voice%20Alerts%20%20Kidde%20KCO2M10.jpg"
"a90307f7-d362-4dcb-a0be-5dc4eef730e9","EVAC+CHAIR Anti-Theft Device - Alarmed","https://jcbmtyxdosbiuaapukqi.supabase.co/storage/v1/object/public/products/EVACCHAIR%20AntiTheft%20Device%20%20Alarmed.jpg"
"186293e0-3fa1-49d4-ac43-7c8450e99694","Analox Ax60+ CO2 Sensor","https://jcbmtyxdosbiuaapukqi.supabase.co/storage/v1/object/public/products/Analox%20Ax60%20CO2%20Sensor.jpg"
"dc1b543c-5276-4441-a222-1b3a08c6373f","Analox Ax60+ Alarm Unit with Blue Strobe","https://jcbmtyxdosbiuaapukqi.supabase.co/storage/v1/object/public/products/Analox%20Ax60%20Alarm%20Unit%20with%20Blue%20Strobe.jpg"
"8fc9cdd7-edd0-48ea-a25b-10c0bafefb79","GEZE TS2000 NV Overhead Door Closer - Power Size EN 2-4","https://jcbmtyxdosbiuaapukqi.supabase.co/storage/v1/object/public/products/GEZE%20TS2000%20NV%20Overhead%20Door%20Closer%20%20Power%20Size%20EN%2024.jpg"
"8e7d484c-ad81-4e40-8342-ddcf6fd6eae3","Union CE3F Overhead Door Closer - Power Size EN 3","https://jcbmtyxdosbiuaapukqi.supabase.co/storage/v1/object/public/products/Union%20CE3F%20Overhead%20Door%20Closer%20%20Power%20Size%20EN%203.jpg"
"1245ff3b-da97-477a-94f7-b66e4e5184ba","GEZE TS1000C Overhead Door Closer - Power Size EN 2 - 3","https://jcbmtyxdosbiuaapukqi.supabase.co/storage/v1/object/public/products/GEZE%20TS1000C%20Overhead%20Door%20Closer%20%20Power%20Size%20EN%202%20%203.jpg"
"424dd8e4-5062-4c6d-b5db-03df518fd26b","Dorma TS68 Overhead Door Closer - Power Size EN 2-4","https://jcbmtyxdosbiuaapukqi.supabase.co/storage/v1/object/public/products/Dorma%20TS68%20Overhead%20Door%20Closer%20%20Power%20Size%20EN%2024.jpg"
"eb29466d-6335-4589-92dc-d2f913be7be8","Briton 121CE Overhead Door Closer - Power Size EN 3","https://jcbmtyxdosbiuaapukqi.supabase.co/storage/v1/object/public/products/Briton%20121CE%20Overhead%20Door%20Closer%20%20Power%20Size%20EN%203.jpg"
"7d7b15e6-64cd-4805-9aba-143b8b9cb8fb","Briton 1110 Overhead Door Closer - Power Size EN 2-4","https://jcbmtyxdosbiuaapukqi.supabase.co/storage/v1/object/public/products/Briton%201110%20Overhead%20Door%20Closer%20%20Power%20Size%20EN%2024.jpg"
"d6841585-f02c-4b34-9737-40771648b8c1","Dorma TS71 Overhead Door Closer - Power Size EN 3-4","https://jcbmtyxdosbiuaapukqi.supabase.co/storage/v1/object/public/products/Dorma%20TS71%20Overhead%20Door%20Closer%20%20Power%20Size%20EN%2034.jpg"
"a45d63cd-a875-44a8-8ea4-dbedf22292e7","GEZE TS1500 Overhead Door Closer - Power Size EN 3 - 4","https://jcbmtyxdosbiuaapukqi.supabase.co/storage/v1/object/public/products/GEZE%20TS1500%20Overhead%20Door%20Closer%20%20Power%20Size%20EN%203%20%204.jpg"
"a1c1b4e7-6e16-443f-afc1-530cf5e87896","Dorma TS72 Overhead Door Closer - Power Size EN 2-4","https://jcbmtyxdosbiuaapukqi.supabase.co/storage/v1/object/public/products/Dorma%20TS72%20Overhead%20Door%20Closer%20%20Power%20Size%20EN%2024.jpg"
"c87b6255-8342-491b-ba1a-d117e0cff2cc","ASSA ABLOY DC140A Overhead Door Closer - Power Size EN 2-5","https://jcbmtyxdosbiuaapukqi.supabase.co/storage/v1/object/public/products/ASSA%20ABLOY%20DC140A%20Overhead%20Door%20Closer%20%20Power%20Size%20EN%2025.jpg"
"54a477cb-66f5-4c68-9efb-f6f63107248c","Union RetroV Overhead Door Closer - Power Size EN 3 - 4","https://jcbmtyxdosbiuaapukqi.supabase.co/storage/v1/object/public/products/Union%20RetroV%20Overhead%20Door%20Closer%20%20Power%20Size%20EN%203%20%204.jpg"
"bbe2662e-ba72-4ab0-82d6-1de263393197","Briton 1120B Overhead Door Closer - Power Size EN 2-4","https://jcbmtyxdosbiuaapukqi.supabase.co/storage/v1/object/public/products/Briton%201120B%20Overhead%20Door%20Closer%20%20Power%20Size%20EN%2024.jpg"
"5198b046-6587-4fb7-b834-d887df6ab98f","Briton 2003 Overhead Door Closer - Power Size EN 3","https://jcbmtyxdosbiuaapukqi.supabase.co/storage/v1/object/public/products/Briton%202003%20Overhead%20Door%20Closer%20%20Power%20Size%20EN%203.jpg"
"716d4882-ec82-403a-ad71-67ada37e0990","Briton 2003V Overhead Door Closer - Power Size EN 1 - 4","https://jcbmtyxdosbiuaapukqi.supabase.co/storage/v1/object/public/products/Briton%202003V%20Overhead%20Door%20Closer%20%20Power%20Size%20EN%201%20%204.jpg"
"ebdcb0c7-dd68-42b3-b1bc-5df84e9636a0","Union CE26V Overhead Door Closer - Power Size EN 2 - 6","https://jcbmtyxdosbiuaapukqi.supabase.co/storage/v1/object/public/products/Union%20CE26V%20Overhead%20Door%20Closer%20%20Power%20Size%20EN%202%20%206.jpg"
"0628e94b-5568-43c9-849e-647503dad2de","GEZE TS4000 Overhead Door Closer - Power Size EN 1-6","https://jcbmtyxdosbiuaapukqi.supabase.co/storage/v1/object/public/products/GEZE%20TS4000%20Overhead%20Door%20Closer%20%20Power%20Size%20EN%2016.jpg"
"41e7ad5a-d087-4d69-a76d-150f3b342a23","Astra 3003 Series Concealed Fire Door Closers","https://jcbmtyxdosbiuaapukqi.supabase.co/storage/v1/object/public/products/Astra%203003%20Series%20Concealed%20Fire%20Door%20Closers.jpg"
"765f1843-5b43-4083-9e85-6017f3bc572a","GEZE Boxer Concealed Door Closer - Closing Force EN 2 - 4","https://jcbmtyxdosbiuaapukqi.supabase.co/storage/v1/object/public/products/GEZE%20Boxer%20Concealed%20Door%20Closer%20%20Closing%20Force%20EN%202%20%204.jpg"
"5ca0f1d2-ba3d-4437-baff-ac645e05d865","Perko Powermatic R100 Concealed Fire Door Closer","https://jcbmtyxdosbiuaapukqi.supabase.co/storage/v1/object/public/products/Perko%20Powermatic%20R100%20Concealed%20Fire%20Door%20Closer.jpg"
"32941cb4-4980-42a6-9026-a378c86c3106","Exidor 9870 Electro-Magnetic Free-Swing Door Closer - Power Size EN 4","https://jcbmtyxdosbiuaapukqi.supabase.co/storage/v1/object/public/products/Exidor%209870%20ElectroMagnetic%20FreeSwing%20Door%20Closer%20%20Power%20Size%20EN%204.jpg"
"e0bbe788-817d-4387-99f8-b688499eb5d1","Geofire Agrippa Acoustic Free-Swing Door Closer - Power Size EN 4","https://jcbmtyxdosbiuaapukqi.supabase.co/storage/v1/object/public/products/Geofire%20Agrippa%20Acoustic%20FreeSwing%20Door%20Closer%20%20Power%20Size%20EN%204.jpg"
"1dc58399-068f-4833-a09d-c7b069d3cffd","GEZE TS4000EFS Hold Open Free-Swing Door Closer","https://jcbmtyxdosbiuaapukqi.supabase.co/storage/v1/object/public/products/GEZE%20TS4000EFS%20Hold%20Open%20FreeSwing%20Door%20Closer.jpg"
"8b0c2af8-cb52-4960-a385-876113794787","Briton 996 Hold Open Free-Swing Door Closer","https://jcbmtyxdosbiuaapukqi.supabase.co/storage/v1/object/public/products/Briton%20996%20Hold%20Open%20FreeSwing%20Door%20Closer.jpg"
"72bd55e3-415b-4f12-9922-b147fd658700","Freedor SmartSound Wireless Hold Open Free-Swing Door Closer","https://jcbmtyxdosbiuaapukqi.supabase.co/storage/v1/object/public/products/Freedor%20SmartSound%20Wireless%20Hold%20Open%20FreeSwing%20Door%20Closer.jpg"
"596d6594-6f38-4e57-a368-2a28107cbea4","Freedor Pro Free-Swing Fire Door Closer System","https://jcbmtyxdosbiuaapukqi.supabase.co/storage/v1/object/public/products/Freedor%20Pro%20FreeSwing%20Fire%20Door%20Closer%20System.jpg"
"3e92f2c6-d3c5-4720-bcc8-dd123992d462","Floor Mounted Escape Route Signs from Jalite","https://jcbmtyxdosbiuaapukqi.supabase.co/storage/v1/object/public/products/Floor%20Mounted%20Escape%20Route%20Signs%20from%20Jalite.jpg"
"eece325f-4d02-40bb-9d18-713a0c471f01","Dorma BTS75V Floor Spring","https://jcbmtyxdosbiuaapukqi.supabase.co/storage/v1/object/public/products/Dorma%20BTS75V%20Floor%20Spring.jpg"
"c02da2b9-c078-4e1c-bedc-eb86ead013ed","Dorma BTS80F Floor Spring","https://jcbmtyxdosbiuaapukqi.supabase.co/storage/v1/object/public/products/Dorma%20BTS80F%20Floor%20Spring.jpg"
"4735a87c-c587-46b5-865c-1360b69d3666","Dorgard Fire Door Retainers","https://jcbmtyxdosbiuaapukqi.supabase.co/storage/v1/object/public/products/Dorgard%20Fire%20Door%20Retainers.jpg"
"51fef32d-2266-4ad0-9c8b-ef5e85c537fb","Geofire Agrippa Acoustic Fire Door Holder","https://jcbmtyxdosbiuaapukqi.supabase.co/storage/v1/object/public/products/Geofire%20Agrippa%20Acoustic%20Fire%20Door%20Holder.jpg"
"b7db5118-f166-438a-a498-6fbb70e9c4da","Dorgard Fire Door Retainer Twin Pack - Black","https://jcbmtyxdosbiuaapukqi.supabase.co/storage/v1/object/public/products/Dorgard%20Fire%20Door%20Retainer%20Twin%20Pack%20%20Black.jpg"
"e77b7c47-fc2e-4f7d-bea5-318e3b320334","Dorgard SmartSound Fire Door Retainers","https://jcbmtyxdosbiuaapukqi.supabase.co/storage/v1/object/public/products/Dorgard%20SmartSound%20Fire%20Door%20Retainers.jpg"
"f96be668-ac0c-4723-9328-5e32300dfaba","GEZE TS4000E Hold Open Door Closer - Closing Force EN 1-6","https://jcbmtyxdosbiuaapukqi.supabase.co/storage/v1/object/public/products/GEZE%20TS4000E%20Hold%20Open%20Door%20Closer%20%20Closing%20Force%20EN%2016.jpg"
"ad62668d-f8e2-46a2-b71f-35252976badb","Fireco Pro Fire Door Retainer System","https://jcbmtyxdosbiuaapukqi.supabase.co/storage/v1/object/public/products/Fireco%20Pro%20Fire%20Door%20Retainer%20System.jpg"
"7451d1e8-0378-435b-a71c-d63eb8eb3977","Dorgard Pro Fire Door Retainer System","https://jcbmtyxdosbiuaapukqi.supabase.co/storage/v1/object/public/products/Dorgard%20Pro%20Fire%20Door%20Retainer%20System.jpg"
"7b2bcb91-4290-4208-8727-8b7f59fdad46","DorMag Pro Magnetic Fire Door Holder","https://jcbmtyxdosbiuaapukqi.supabase.co/storage/v1/object/public/products/DorMag%20Pro%20Magnetic%20Fire%20Door%20Holder.jpg"
"a195b17e-cbd8-4f51-89b4-20bd79b5235a","Metal Keeper Plate with Chain","https://jcbmtyxdosbiuaapukqi.supabase.co/storage/v1/object/public/products/Metal%20Keeper%20Plate%20with%20Chain.jpg"
"53ab59e8-e267-44af-b2df-053553c52fed","Freedor Door Closer Replacement Battery Pack","https://jcbmtyxdosbiuaapukqi.supabase.co/storage/v1/object/public/products/Freedor%20Door%20Closer%20Replacement%20Battery%20Pack.jpg"
"8d3f9ee1-96ed-4f84-8101-f9903fab8384","Photoluminescent Heavy Duty Floor Marking Paint","https://jcbmtyxdosbiuaapukqi.supabase.co/storage/v1/object/public/products/Photoluminescent%20Heavy%20Duty%20Floor%20Marking%20Paint.jpg"
"bea1e6e3-382a-458b-9530-7377cb7b36d8","24V DC Power Supply Units for Fire Door Retainers","https://jcbmtyxdosbiuaapukqi.supabase.co/storage/v1/object/public/products/24V%20DC%20Power%20Supply%20Units%20for%20Fire%20Door%20Retainers.jpg"
"11ebdb29-c2c7-4a8c-888c-d45a149e0a54","Surface-Mounted Intumescent Strips Kit - 25mm - Fire and Smoke","https://jcbmtyxdosbiuaapukqi.supabase.co/storage/v1/object/public/products/SurfaceMounted%20Intumescent%20Strips%20Kit%20%2025mm%20%20Fire%20and%20Smoke.jpg"
"b4206ba3-4e9b-4872-b310-7945f76e65b1","Rebated Intumescent Strips Kit - 10x4mm - Fire Only - Astroflame","https://jcbmtyxdosbiuaapukqi.supabase.co/storage/v1/object/public/products/Rebated%20Intumescent%20Strips%20Kit%20%2010x4mm%20%20Fire%20Only%20%20Astroflame.jpg"
"b26acb94-e149-4997-bb04-a44f8a27f673","Rebated Intumescent Strips Kit - 15x4mm - Fire Only - Astroflame","https://jcbmtyxdosbiuaapukqi.supabase.co/storage/v1/object/public/products/Rebated%20Intumescent%20Strips%20Kit%20%2015x4mm%20%20Fire%20Only%20%20Astroflame.jpg"
"f475675b-32c0-42c1-b347-25f1dea65bdf","Rebated Intumescent Strips Kit - 10x4mm - Fire and Smoke - Astroflame","https://jcbmtyxdosbiuaapukqi.supabase.co/storage/v1/object/public/products/Rebated%20Intumescent%20Strips%20Kit%20%2010x4mm%20%20Fire%20and%20Smoke%20%20Astroflame.jpg"
"aacf9e14-abc5-4596-9054-dfd241bb8bec","Rebated Intumescent Strips Kit - 15x4mm - Fire and Smoke - Astroflame","https://jcbmtyxdosbiuaapukqi.supabase.co/storage/v1/object/public/products/Rebated%20Intumescent%20Strips%20Kit%20%2015x4mm%20%20Fire%20and%20Smoke%20%20Astroflame.jpg"
"4f98cd93-08f4-42c0-bb20-007a6b1c7f83","Photoluminescent Water-Based Paint System","https://jcbmtyxdosbiuaapukqi.supabase.co/storage/v1/object/public/products/Photoluminescent%20WaterBased%20Paint%20System.jpg"
"bd381286-62c4-4bdc-954e-617f023fb3ca","Saf-Escape Fire Escape Ladder","https://jcbmtyxdosbiuaapukqi.supabase.co/storage/v1/object/public/products/SafEscape%20Fire%20Escape%20Ladder.jpg"
"d09208db-0aee-408f-84e0-5ed94c31c6b5","Rebated Intumescent Strips Kit - 25x4mm - Fire and Smoke - Astroflame","https://jcbmtyxdosbiuaapukqi.supabase.co/storage/v1/object/public/products/Rebated%20Intumescent%20Strips%20Kit%20%2025x4mm%20%20Fire%20and%20Smoke%20%20Astroflame.jpg"
"f3be414d-bee5-458a-800e-9aa003f199d8","Surface Mounted Drop Down Smoke Seal","https://jcbmtyxdosbiuaapukqi.supabase.co/storage/v1/object/public/products/Surface%20Mounted%20Drop%20Down%20Smoke%20Seal.jpg"
"a8eba33f-be72-4839-b596-b1e1f2c1081f","Rebated Drop Down Smoke Seal","https://jcbmtyxdosbiuaapukqi.supabase.co/storage/v1/object/public/products/Rebated%20Drop%20Down%20Smoke%20Seal.jpg"
"c21f3c23-6b6f-4a4a-9cff-9ac362951ff1","Astroflame Door Edge Guards - Rounded","https://jcbmtyxdosbiuaapukqi.supabase.co/storage/v1/object/public/products/Astroflame%20Door%20Edge%20Guards%20%20Rounded.jpg"
"21e58918-f7b0-49ab-9a76-5615b125c958","Astroflame Door Edge Guards - Flat","https://jcbmtyxdosbiuaapukqi.supabase.co/storage/v1/object/public/products/Astroflame%20Door%20Edge%20Guards%20%20Flat.jpg"
"b8532c79-531f-4963-8a73-822a02b14fa5","Fire Door Gap Gauge","https://jcbmtyxdosbiuaapukqi.supabase.co/storage/v1/object/public/products/Fire%20Door%20Gap%20Gauge.jpg"
"c247253c-513b-4f79-b531-a357dbbd5652","Intumescent Ironmongery Protection for Fire Door Hinges - Astroflame","https://jcbmtyxdosbiuaapukqi.supabase.co/storage/v1/object/public/products/Intumescent%20Ironmongery%20Protection%20for%20Fire%20Door%20Hinges%20%20Astroflame.jpg"
"d428064f-a0dc-4440-b58a-e3818f98ce47","Foot Operated Door Opener - DecaMed","https://jcbmtyxdosbiuaapukqi.supabase.co/storage/v1/object/public/products/Foot%20Operated%20Door%20Opener%20%20DecaMed.jpg"
"abba6b26-e197-4de6-818f-1af71e829209","Heavy Duty Fire Door Hinges - Set of 3","https://jcbmtyxdosbiuaapukqi.supabase.co/storage/v1/object/public/products/Heavy%20Duty%20Fire%20Door%20Hinges%20%20Set%20of%203.jpg"
"729456b0-7fa3-4520-bde3-a05f5414d98d","Selectrite MK2 Fire Door Co-ordinator","https://jcbmtyxdosbiuaapukqi.supabase.co/storage/v1/object/public/products/Selectrite%20MK2%20Fire%20Door%20Coordinator.jpg"
"ef7e2f57-d599-44c8-aff5-de953d520474","Fire Rated Intumescent Air Transfer Grilles with Faceplates","https://jcbmtyxdosbiuaapukqi.supabase.co/storage/v1/object/public/products/Fire%20Rated%20Intumescent%20Air%20Transfer%20Grilles%20with%20Faceplates.jpg"
"ec5f667f-c35b-46e0-8bef-e0c1fa891df6","Stainless Steel Foot Operated Door Opener - DecaMed","https://jcbmtyxdosbiuaapukqi.supabase.co/storage/v1/object/public/products/Stainless%20Steel%20Foot%20Operated%20Door%20Opener%20%20DecaMed.jpg"
"2b6eefe2-c685-4a36-8afa-3e4ed0b07853","Astroflame Fire Rated Door Viewer","https://jcbmtyxdosbiuaapukqi.supabase.co/storage/v1/object/public/products/Astroflame%20Fire%20Rated%20Door%20Viewer.jpg"
"da3ace2c-45db-4ff9-ab14-4dfbc34ec1c4","Astroflame Fire Rated Security Door Viewer","https://jcbmtyxdosbiuaapukqi.supabase.co/storage/v1/object/public/products/Astroflame%20Fire%20Rated%20Security%20Door%20Viewer.jpg"
"06dc4069-10ee-47d6-bcc6-f14c7a778a40","Intumescent Letter Plates - 30 Minutes Fire Rated","https://jcbmtyxdosbiuaapukqi.supabase.co/storage/v1/object/public/products/Intumescent%20Letter%20Plates%20%2030%20Minutes%20Fire%20Rated.jpg"
"ef2639cf-d1d8-46db-b326-61136aad9d7b","Briton 4700 Pull Handle - D Shaped","https://jcbmtyxdosbiuaapukqi.supabase.co/storage/v1/object/public/products/Briton%204700%20Pull%20Handle%20%20D%20Shaped.jpg"
"5966130f-3dac-45ce-bf45-eb3f4b8a03f1","Briton 4700 Pull Handle - Mitred","https://jcbmtyxdosbiuaapukqi.supabase.co/storage/v1/object/public/products/Briton%204700%20Pull%20Handle%20%20Mitred.jpg"
"c8affab4-c234-47f0-bdf1-a9fdf083bd63","Briton 4700 Pull Handle - Pillar","https://jcbmtyxdosbiuaapukqi.supabase.co/storage/v1/object/public/products/Briton%204700%20Pull%20Handle%20%20Pillar.jpg"
"6d600fbe-4457-4f97-8c44-c2b2d46777c4","Briton Fire Door Kit - Pull Handle Kit","https://jcbmtyxdosbiuaapukqi.supabase.co/storage/v1/object/public/products/Briton%20Fire%20Door%20Kit%20%20Pull%20Handle%20Kit.jpg"
"9a4ecae1-187b-4b31-86f3-3b91d436b82b","Briton Fire Door Kit - Lever on Rose Latch Kit","https://jcbmtyxdosbiuaapukqi.supabase.co/storage/v1/object/public/products/Briton%20Fire%20Door%20Kit%20%20Lever%20on%20Rose%20Latch%20Kit.jpg"
"2f479046-2853-4aca-9251-e55e8f43f12d","Briton Fire Door Kit - Lever on Rose Locking Kit","https://jcbmtyxdosbiuaapukqi.supabase.co/storage/v1/object/public/products/Briton%20Fire%20Door%20Kit%20%20Lever%20on%20Rose%20Locking%20Kit.jpg"
"1c13dce1-bd38-42ef-9d76-7218b508caf7","Briton 4700 Pull Handle Roses","https://jcbmtyxdosbiuaapukqi.supabase.co/storage/v1/object/public/products/Briton%204700%20Pull%20Handle%20Roses.jpg"
"6014af4e-356f-4b44-93a5-1a0926d4bd5b","Briton 4700 Pull Handle Universal Fixing Kit","https://jcbmtyxdosbiuaapukqi.supabase.co/storage/v1/object/public/products/Briton%204700%20Pull%20Handle%20Universal%20Fixing%20Kit.jpg"
"11079b65-c480-46a2-99fa-85cb1fec9906","Briton 4700 Stainless Steel Push Plate","https://jcbmtyxdosbiuaapukqi.supabase.co/storage/v1/object/public/products/Briton%204700%20Stainless%20Steel%20Push%20Plate.jpg"
"26503b11-6ab2-42ee-8d4a-de54c9e02aa4","Briton 372 Single Door Emergency Push Pad with Bolt","https://jcbmtyxdosbiuaapukqi.supabase.co/storage/v1/object/public/products/Briton%20372%20Single%20Door%20Emergency%20Push%20Pad%20with%20Bolt.jpg"
"f484632d-237d-4c9b-9458-8f936d4ab830","Exidor 297 Single Door Push Pad With Latch","https://jcbmtyxdosbiuaapukqi.supabase.co/storage/v1/object/public/products/Exidor%20297%20Single%20Door%20Push%20Pad%20With%20Latch.jpg"
"a921800e-da74-492a-9a84-a65f8985056a","Briton 1438 Single Door Emergency Push Pad with Latch","https://jcbmtyxdosbiuaapukqi.supabase.co/storage/v1/object/public/products/Briton%201438%20Single%20Door%20Emergency%20Push%20Pad%20with%20Latch.jpg"
"6eeccc78-c024-4d73-9602-3c07a68643f8","Exidor 293 Single Door Push Pad With Bolt","https://jcbmtyxdosbiuaapukqi.supabase.co/storage/v1/object/public/products/Exidor%20293%20Single%20Door%20Push%20Pad%20With%20Bolt.jpg"
"13c07145-6925-40e6-b02f-7ab155e37464","Briton Double Door Emergency Push Pad Set with Latch & Bolt","https://jcbmtyxdosbiuaapukqi.supabase.co/storage/v1/object/public/products/Briton%20Double%20Door%20Emergency%20Push%20Pad%20Set%20with%20Latch%20%20Bolt.jpg"
"f9bcef5a-09ad-4274-9bab-c6044350e854","Briton Double Door Emergency Push Pad Set with 2 Bolts","https://jcbmtyxdosbiuaapukqi.supabase.co/storage/v1/object/public/products/Briton%20Double%20Door%20Emergency%20Push%20Pad%20Set%20with%202%20Bolts.jpg"
"fb543bd8-a54d-4e64-a250-f0cf09fa3c11","Panic Bolt MK2 - Redlam","https://jcbmtyxdosbiuaapukqi.supabase.co/storage/v1/object/public/products/Panic%20Bolt%20MK2%20%20Redlam.jpg"
"35ce0b91-4f3a-4bd5-8d07-13ab68ec7567","Emergency Bolt - Kingpin","https://jcbmtyxdosbiuaapukqi.supabase.co/storage/v1/object/public/products/Emergency%20Bolt%20%20Kingpin.jpg"
"41ba5b10-3ac6-409e-9c5c-2137bd466ea7","Spare Components for Emergency Bolt - Kingpin","https://jcbmtyxdosbiuaapukqi.supabase.co/storage/v1/object/public/products/Spare%20Components%20for%20Emergency%20Bolt%20%20Kingpin.jpg"
"c6edf44b-27de-4a07-a25d-943c769fbebd","Philips HeartStart AED Trainer 3 Adult Training Pads","https://jcbmtyxdosbiuaapukqi.supabase.co/storage/v1/object/public/products/Philips%20HeartStart%20AED%20Trainer%203%20Adult%20Training%20Pads.jpg"
"2c1d8a37-2011-43ce-83de-1cdb36844a3b","Spare Ceramic Tube for the Redlam Panic Bolt - Ceramtube","https://jcbmtyxdosbiuaapukqi.supabase.co/storage/v1/object/public/products/Spare%20Ceramic%20Tube%20for%20the%20Redlam%20Panic%20Bolt%20%20Ceramtube.jpg"
"c7e6c02e-7ff1-467f-825e-101b524ec911","Replacement Glass Tubes for Panic Bolts - Redlam & Ashworth","https://jcbmtyxdosbiuaapukqi.supabase.co/storage/v1/object/public/products/Replacement%20Glass%20Tubes%20for%20Panic%20Bolts%20%20Redlam%20%20Ashworth.jpg"
"aeffd54c-3562-48a7-9284-17d8204a30c6","Replacement Hammer and Chain for Panic Bolt - Redlam","https://jcbmtyxdosbiuaapukqi.supabase.co/storage/v1/object/public/products/Replacement%20Hammer%20and%20Chain%20for%20Panic%20Bolt%20%20Redlam.jpg"
"3e03faac-9782-45ae-9116-82249c430ae5","Exidor 294 Single Door Panic Bar with Bolt","https://jcbmtyxdosbiuaapukqi.supabase.co/storage/v1/object/public/products/Exidor%20294%20Single%20Door%20Panic%20Bar%20with%20Bolt.jpg"
"44fd9901-887a-4d82-857f-256ce3dcf986","Exidor 296 Single Door Panic Bar with Latch","https://jcbmtyxdosbiuaapukqi.supabase.co/storage/v1/object/public/products/Exidor%20296%20Single%20Door%20Panic%20Bar%20with%20Latch.jpg"
"9986517e-7281-4ddb-aafc-0ec6f851ac2d","Briton 378 Single Door Panic Bar with Latch","https://jcbmtyxdosbiuaapukqi.supabase.co/storage/v1/object/public/products/Briton%20378%20Single%20Door%20Panic%20Bar%20with%20Latch.jpg"
"47c905d6-73d6-410c-bfdc-68989dccab8e","Briton 376 Single Door Panic Bar with Bolt","https://jcbmtyxdosbiuaapukqi.supabase.co/storage/v1/object/public/products/Briton%20376%20Single%20Door%20Panic%20Bar%20with%20Bolt.jpg"
"16c77445-634c-48ae-beec-6929069bd09e","Economy IP65 LED Emergency Twin Spots with Self Test - ETS","https://jcbmtyxdosbiuaapukqi.supabase.co/storage/v1/object/public/products/Economy%20IP65%20LED%20Emergency%20Twin%20Spots%20with%20Self%20Test%20%20ETS.jpg"
"0b485235-03bc-4377-94d8-23fde30016db","Exidor 285 Double Door Panic Bar Set with Latch & Bolt","https://jcbmtyxdosbiuaapukqi.supabase.co/storage/v1/object/public/products/Exidor%20285%20Double%20Door%20Panic%20Bar%20Set%20with%20Latch%20%20Bolt.jpg"
"f60c27d9-caea-4296-9678-7f0eeb2e8261","Briton 377 Double Door Panic Bar Set with Latch & Bolt","https://jcbmtyxdosbiuaapukqi.supabase.co/storage/v1/object/public/products/Briton%20377%20Double%20Door%20Panic%20Bar%20Set%20with%20Latch%20%20Bolt.jpg"
"d586d168-3764-4640-a90a-176b86b3f6c9","Exidor 284 Double Door Panic Bar Set with 2 Bolts","https://jcbmtyxdosbiuaapukqi.supabase.co/storage/v1/object/public/products/Exidor%20284%20Double%20Door%20Panic%20Bar%20Set%20with%202%20Bolts.jpg"
"ecd28775-db1c-4456-b312-86c7a062d898","Exidor 294 Single Door Panic Bar with Bolt for Steel Doors","https://jcbmtyxdosbiuaapukqi.supabase.co/storage/v1/object/public/products/Exidor%20294%20Single%20Door%20Panic%20Bar%20with%20Bolt%20for%20Steel%20Doors.jpg"
"1c2f922d-35a4-4807-bb13-b7631c638078","Briton Double Door Panic Bar Set with 2 Bolts","https://jcbmtyxdosbiuaapukqi.supabase.co/storage/v1/object/public/products/Briton%20Double%20Door%20Panic%20Bar%20Set%20with%202%20Bolts.jpg"
"6486ab0d-c8a9-4c0a-b5bc-479e29e58940","Exidor 400 Single Door Touch Bar Deadlocking Latch","https://jcbmtyxdosbiuaapukqi.supabase.co/storage/v1/object/public/products/Exidor%20400%20Single%20Door%20Touch%20Bar%20Deadlocking%20Latch.jpg"
"5db535ff-b348-4f66-a9e5-ab8f27e4b3b9","Exidor 404 Single Door Touch Bar with Three Point Locking","https://jcbmtyxdosbiuaapukqi.supabase.co/storage/v1/object/public/products/Exidor%20404%20Single%20Door%20Touch%20Bar%20with%20Three%20Point%20Locking.jpg"
"2077b191-5761-4cb5-ab71-3f66dc128304","Steel Door Fixing Kits for Exidor Panic Bars","https://jcbmtyxdosbiuaapukqi.supabase.co/storage/v1/object/public/products/Steel%20Door%20Fixing%20Kits%20for%20Exidor%20Panic%20Bars.jpg"
"99a1c255-6ee2-4550-8a27-854e5b12e10b","Exidor 322 Outside Access Device With Lever","https://jcbmtyxdosbiuaapukqi.supabase.co/storage/v1/object/public/products/Exidor%20322%20Outside%20Access%20Device%20With%20Lever.jpg"
"4f14a4ed-8402-458f-8cf2-4293323b1634","Exidor 302 Outside Access Device With Knob","https://jcbmtyxdosbiuaapukqi.supabase.co/storage/v1/object/public/products/Exidor%20302%20Outside%20Access%20Device%20With%20Knob.jpg"
"9faee060-9942-417b-b36f-8be4770dd3a1","Briton Lever Operated Outside Access Device","https://jcbmtyxdosbiuaapukqi.supabase.co/storage/v1/object/public/products/Briton%20Lever%20Operated%20Outside%20Access%20Device.jpg"
"d1849970-ff58-4d74-bb2d-8f919f0b5898","Briton Knob Operated Outside Access Device","https://jcbmtyxdosbiuaapukqi.supabase.co/storage/v1/object/public/products/Briton%20Knob%20Operated%20Outside%20Access%20Device.jpg"
"50d38ea6-70ac-4a39-8e67-0ca05df7e9d8","Exidor Mechanical Code Lock Outside Access Device","https://jcbmtyxdosbiuaapukqi.supabase.co/storage/v1/object/public/products/Exidor%20Mechanical%20Code%20Lock%20Outside%20Access%20Device.jpg"
"40843e01-5549-4d4a-9665-19a78c5e4821","Briton Mechanical Code Lock Outside Access Device","https://jcbmtyxdosbiuaapukqi.supabase.co/storage/v1/object/public/products/Briton%20Mechanical%20Code%20Lock%20Outside%20Access%20Device.jpg"
"339e065e-b640-4831-b182-3f0500f9fc11","Pull release for use with Cooper Bolt Outward Opening","https://jcbmtyxdosbiuaapukqi.supabase.co/storage/v1/object/public/products/Pull%20release%20for%20use%20with%20Cooper%20Bolt%20Outward%20Opening.jpg"
"05c38afc-1484-4a97-8fb9-419fa4e2805a","Access Control Maglock Kit with Keypad","https://jcbmtyxdosbiuaapukqi.supabase.co/storage/v1/object/public/products/Access%20Control%20Maglock%20Kit%20with%20Keypad.jpg"
"50cb6f3c-f95b-47da-a6bf-db7007562e50","Access Control Maglock Kit with Push-Button, Keypad and Call Point","https://jcbmtyxdosbiuaapukqi.supabase.co/storage/v1/object/public/products/Access%20Control%20Maglock%20Kit%20with%20PushButton%20Keypad%20and%20Call%20Point.jpg"
"a74b9945-b897-4d09-ae1f-8af852fbd6c0","Germgard Smart Hand Sanitising System","https://jcbmtyxdosbiuaapukqi.supabase.co/storage/v1/object/public/products/Germgard%20Smart%20Hand%20Sanitising%20System.jpg"
"57b5c128-1379-4d29-881d-9d3af35d039a","Access Control Proximity Kit Additional Fobs","https://jcbmtyxdosbiuaapukqi.supabase.co/storage/v1/object/public/products/Access%20Control%20Proximity%20Kit%20Additional%20Fobs.jpg"
"8064b891-c120-4f1e-977d-e9dae4ef38a8","12V DC 1.0 Amp Power Supply Unit","https://jcbmtyxdosbiuaapukqi.supabase.co/storage/v1/object/public/products/12V%20DC%2010%20Amp%20Power%20Supply%20Unit.jpg"
"86dc8e2f-f791-439e-8fd9-eea7d8901e89","Access Control Slimline Electromagnetic Lock","https://jcbmtyxdosbiuaapukqi.supabase.co/storage/v1/object/public/products/Access%20Control%20Slimline%20Electromagnetic%20Lock.jpg"
"bea50b3a-bd98-4640-bdb5-3fa55303fbc8","24V DC Power Supply Units with Battery Charging","https://jcbmtyxdosbiuaapukqi.supabase.co/storage/v1/object/public/products/24V%20DC%20Power%20Supply%20Units%20with%20Battery%20Charging.jpg"
"ed5e30e7-0e9a-4e90-a6ca-d1fd5d296519","Keyguard Key Box","https://jcbmtyxdosbiuaapukqi.supabase.co/storage/v1/object/public/products/Keyguard%20Key%20Box.jpg"
"7d289965-93e5-4d18-bb99-426d72add1a2","Plastic Fronted ""Break Glass"" Keybox","https://jcbmtyxdosbiuaapukqi.supabase.co/storage/v1/object/public/products/Plastic%20Fronted%20Break%20Glass%20Keybox.jpg"
"446d51cc-e150-426a-8de8-df58638c87de","Circular Break Glass Keybox","https://jcbmtyxdosbiuaapukqi.supabase.co/storage/v1/object/public/products/Circular%20Break%20Glass%20Keybox.jpg"
"7df5b745-6edb-4ab0-821a-f7cd62653073","Break Glass Keybox with Printed Glass (medium)","https://jcbmtyxdosbiuaapukqi.supabase.co/storage/v1/object/public/products/Break%20Glass%20Keybox%20with%20Printed%20Glass%20medium.jpg"
"35285ef5-7092-4111-9875-2ba3e29a1198","Break Glass Keybox with Printed Glass (large)","https://jcbmtyxdosbiuaapukqi.supabase.co/storage/v1/object/public/products/Break%20Glass%20Keybox%20with%20Printed%20Glass%20large.jpg"
"08a00890-544e-41a0-a172-9a36d55f24d0","Accessories for the Circular Keybox","https://jcbmtyxdosbiuaapukqi.supabase.co/storage/v1/object/public/products/Accessories%20for%20the%20Circular%20Keybox.jpg"
"062e6b3d-4406-4b9a-bf48-c2434148f49f","Accessories for the Plastic Fronted Keybox","https://jcbmtyxdosbiuaapukqi.supabase.co/storage/v1/object/public/products/Accessories%20for%20the%20Plastic%20Fronted%20Keybox.jpg"
"b7a8ef69-7139-4c5c-89bb-960e77c75592","Replacement Plastic Windows for the Keyguard Key Box","https://jcbmtyxdosbiuaapukqi.supabase.co/storage/v1/object/public/products/Replacement%20Plastic%20Windows%20for%20the%20Keyguard%20Key%20Box.jpg"
"95fba84f-3cbb-4c06-b656-8c943ac64913","Accessories for the In-Key Emergency Break Glass Cabinet","https://jcbmtyxdosbiuaapukqi.supabase.co/storage/v1/object/public/products/Accessories%20for%20the%20InKey%20Emergency%20Break%20Glass%20Cabinet.jpg"
"1a7189ae-fc36-408e-aec4-8d9f80c3d17d","Replacement Glass Windows for the Break Glass Keyboxes","https://jcbmtyxdosbiuaapukqi.supabase.co/storage/v1/object/public/products/Replacement%20Glass%20Windows%20for%20the%20Break%20Glass%20Keyboxes.jpg"
"8c7f2f81-ba97-48f3-a37e-5c1aa2e678b9","In-Key Emergency Break Glass Key Cabinet","https://jcbmtyxdosbiuaapukqi.supabase.co/storage/v1/object/public/products/InKey%20Emergency%20Break%20Glass%20Key%20Cabinet.jpg"
"a400a6f9-7efe-479b-976b-d390ef081c75","Astroflame 4hr Intumescent Pipe Collars - Small","https://jcbmtyxdosbiuaapukqi.supabase.co/storage/v1/object/public/products/Astroflame%204hr%20Intumescent%20Pipe%20Collars%20%20Small.jpg"
"291e7183-deeb-43ff-8562-e5878ac75820","Astroflame 4hr Intumescent Pipe Collars - Medium","https://jcbmtyxdosbiuaapukqi.supabase.co/storage/v1/object/public/products/Astroflame%204hr%20Intumescent%20Pipe%20Collars%20%20Medium.jpg"
"7f0085b6-645e-4eb9-8bb1-149507bd6974","Astroflame 4hr Intumescent Pipe Collars - Large","https://jcbmtyxdosbiuaapukqi.supabase.co/storage/v1/object/public/products/Astroflame%204hr%20Intumescent%20Pipe%20Collars%20%20Large.jpg"
"d4ec6bc9-f38c-4a10-9d20-1f506844133d","Astroflame Thermal Fire Rated Pipe Sleeve","https://jcbmtyxdosbiuaapukqi.supabase.co/storage/v1/object/public/products/Astroflame%20Thermal%20Fire%20Rated%20Pipe%20Sleeve.jpg"
"d090563e-8861-4613-8341-37754440ec0e","LED Recessed Emergency Downlight - Dyode","https://jcbmtyxdosbiuaapukqi.supabase.co/storage/v1/object/public/products/LED%20Recessed%20Emergency%20Downlight%20%20Dyode.jpg"
"22d29e09-5b71-4a97-96a5-55d9a6c2a0ba","Astroflame Fire Resistant Batt","https://jcbmtyxdosbiuaapukqi.supabase.co/storage/v1/object/public/products/Astroflame%20Fire%20Resistant%20Batt.jpg"
"699ab867-db3d-4b74-9127-cf9cb796039e","Astroflame 4hr Intumescent PFP FR Pipe Wraps","https://jcbmtyxdosbiuaapukqi.supabase.co/storage/v1/object/public/products/Astroflame%204hr%20Intumescent%20PFP%20FR%20Pipe%20Wraps.jpg"
"c51df577-4fad-423a-ae54-a56085ad33bd","Astroflame Fire Resistant Putty","https://jcbmtyxdosbiuaapukqi.supabase.co/storage/v1/object/public/products/Astroflame%20Fire%20Resistant%20Putty.jpg"
"28d46f5b-6106-4655-9f4b-54830a75e208","Astroflame Intumescent Acoustic Mastic","https://jcbmtyxdosbiuaapukqi.supabase.co/storage/v1/object/public/products/Astroflame%20Intumescent%20Acoustic%20Mastic.jpg"
"a74756ea-1a07-4315-843d-570e5327bad9","Double-Sided Ceiling-Mounted LED IP65 Fire Exit Sign - Tiel","https://jcbmtyxdosbiuaapukqi.supabase.co/storage/v1/object/public/products/DoubleSided%20CeilingMounted%20LED%20IP65%20Fire%20Exit%20Sign%20%20Tiel.jpg"
"4915255e-d24d-40d2-ab97-312adebd0c55","Double-Sided LED Emergency Fire Exit Sign - Paloma","https://jcbmtyxdosbiuaapukqi.supabase.co/storage/v1/object/public/products/DoubleSided%20LED%20Emergency%20Fire%20Exit%20Sign%20%20Paloma.jpg"
"905e4f6a-881c-418f-b2b2-7ff59367d3e0","Fall Arrest Harness - Single Point","https://jcbmtyxdosbiuaapukqi.supabase.co/storage/v1/object/public/products/Fall%20Arrest%20Harness%20%20Single%20Point.jpg"
"3ef9c004-8211-4ba5-803f-1e6aa284762f","FAS White Fire Door Silicone Sealant - 310ml","https://jcbmtyxdosbiuaapukqi.supabase.co/storage/v1/object/public/products/FAS%20White%20Fire%20Door%20Silicone%20Sealant%20%20310ml.jpg"
"44b5bffe-db1f-4766-9854-fa13b3beee87","FAS Gun Grade Fire Door Foam - 750ml","https://jcbmtyxdosbiuaapukqi.supabase.co/storage/v1/object/public/products/FAS%20Gun%20Grade%20Fire%20Door%20Foam%20%20750ml.jpg"
"bf8f7500-eae9-4ed9-832a-c5fa5f2f8bc4","PU Foam Applicator Gun - TIMCO","https://jcbmtyxdosbiuaapukqi.supabase.co/storage/v1/object/public/products/PU%20Foam%20Applicator%20Gun%20%20TIMCO.jpg"
"669ea55e-594b-4ab8-8c6c-aa3d2301d288","Blue 60 Fire Rated Frame Foam with Optional Applicator Gun","https://jcbmtyxdosbiuaapukqi.supabase.co/storage/v1/object/public/products/Blue%2060%20Fire%20Rated%20Frame%20Foam%20with%20Optional%20Applicator%20Gun.jpg"
"f8601c0b-86dc-4511-aea5-2bc64d23e521","PU Foam Gun Cleaner - 500ml","https://jcbmtyxdosbiuaapukqi.supabase.co/storage/v1/object/public/products/PU%20Foam%20Gun%20Cleaner%20%20500ml.jpg"
"dd27b057-fb47-4ab3-9a8a-1c212c73607a","Intumescent Glazing U Channel - Astro U Channel","https://jcbmtyxdosbiuaapukqi.supabase.co/storage/v1/object/public/products/Intumescent%20Glazing%20U%20Channel%20%20Astro%20U%20Channel.jpg"
"48a2061c-f05f-46be-8ec5-d8c0e28c2303","Mailsafe Plus Anti-Arson Mailbox with Extinguisher - Business","https://jcbmtyxdosbiuaapukqi.supabase.co/storage/v1/object/public/products/Mailsafe%20Plus%20AntiArson%20Mailbox%20with%20Extinguisher%20%20Business.jpg"
"d2731198-e22f-4013-a173-958179dd1f97","Mailguard Anti-Arson Mailbag","https://jcbmtyxdosbiuaapukqi.supabase.co/storage/v1/object/public/products/Mailguard%20AntiArson%20Mailbag.jpg"
"0bdc2885-a8b0-42eb-87dd-c8d0987e5b69","Mailguard Anti-Arson Mailbag with Extinguisher","https://jcbmtyxdosbiuaapukqi.supabase.co/storage/v1/object/public/products/Mailguard%20AntiArson%20Mailbag%20with%20Extinguisher.jpg"
"de4288b5-cebc-4bd9-adb1-049e347fe99a","Fall Arrest and Rescue Harness - Single Point","https://jcbmtyxdosbiuaapukqi.supabase.co/storage/v1/object/public/products/Fall%20Arrest%20and%20Rescue%20Harness%20%20Single%20Point.jpg"
"468ee2c9-d886-450a-ae38-1cbd3309061f","Replacement Extinguisher Tubes","https://jcbmtyxdosbiuaapukqi.supabase.co/storage/v1/object/public/products/Replacement%20Extinguisher%20Tubes.jpg"
"a984fa33-fde2-4d92-a6ea-4fd38aa00041","Mailsafe Anti-Arson Mailbox with Extinguisher - Residential","https://jcbmtyxdosbiuaapukqi.supabase.co/storage/v1/object/public/products/Mailsafe%20AntiArson%20Mailbox%20with%20Extinguisher%20%20Residential.jpg"
"6ccc725c-1968-4156-8fb5-64719ecd7a26","Heavy Duty Welding Drape","https://jcbmtyxdosbiuaapukqi.supabase.co/storage/v1/object/public/products/Heavy%20Duty%20Welding%20Drape.jpg"
"d8a207c8-813e-4e98-96f3-bf14b0cbf618","Medium Duty Welding Drape","https://jcbmtyxdosbiuaapukqi.supabase.co/storage/v1/object/public/products/Medium%20Duty%20Welding%20Drape.jpg"
"201a181e-ab0e-4a9a-b972-7dbe29afb90e","De Raat Protector 60 EM015 - Fire and Security Safe","https://jcbmtyxdosbiuaapukqi.supabase.co/storage/v1/object/public/products/De%20Raat%20Protector%2060%20EM015%20%20Fire%20and%20Security%20Safe.jpg"
"524dfcaf-89e6-484d-a050-beb3e3f27eb0","Phoenix Titan 1281 - Fire and Security Safe","https://jcbmtyxdosbiuaapukqi.supabase.co/storage/v1/object/public/products/Phoenix%20Titan%201281%20%20Fire%20and%20Security%20Safe.jpg"
"2b98168c-d0a7-4393-a56a-f40e3894aefe","De Raat Protector 60 ES020 - Fire and Security Safe","https://jcbmtyxdosbiuaapukqi.supabase.co/storage/v1/object/public/products/De%20Raat%20Protector%2060%20ES020%20%20Fire%20and%20Security%20Safe.jpg"
"ec5ac6e3-07d1-4f08-b1d7-90315e5ef79a","Phoenix Titan 1282 - Fire and Security Safe","https://jcbmtyxdosbiuaapukqi.supabase.co/storage/v1/object/public/products/Phoenix%20Titan%201282%20%20Fire%20and%20Security%20Safe.jpg"
"6a8a5364-7c5b-4227-9eb0-3950202cb943","Phoenix Titan 1283 - Fire and Security Safe","https://jcbmtyxdosbiuaapukqi.supabase.co/storage/v1/object/public/products/Phoenix%20Titan%201283%20%20Fire%20and%20Security%20Safe.jpg"
"02f49940-971e-4897-b29e-9a82599a35dc","Chubbsafes Executive 15 - Fireproof Safe","https://jcbmtyxdosbiuaapukqi.supabase.co/storage/v1/object/public/products/Chubbsafes%20Executive%2015%20%20Fireproof%20Safe.jpg"
"594870b2-029a-4c93-afda-fde6165535ef","Chubbsafes Executive 40 - Fireproof Safe","https://jcbmtyxdosbiuaapukqi.supabase.co/storage/v1/object/public/products/Chubbsafes%20Executive%2040%20%20Fireproof%20Safe.jpg"
"0f30bb37-6075-4168-8c43-71b60d97be93","Phoenix Datacare 2001 - Fire Data Safe for Magnetic and Digital Data","https://jcbmtyxdosbiuaapukqi.supabase.co/storage/v1/object/public/products/Phoenix%20Datacare%202001%20%20Fire%20Data%20Safe%20for%20Magnetic%20and%20Digital%20Data.jpg"
"8463ad21-107c-43a2-bce6-80ca23190da9","Master Lock LTW123GTC - Fire and Water Proof Safe","https://jcbmtyxdosbiuaapukqi.supabase.co/storage/v1/object/public/products/Master%20Lock%20LTW123GTC%20%20Fire%20and%20Water%20Proof%20Safe.jpg"
"4f14491d-b8a8-442a-944d-ae5882d0c13d","Phoenix Fire Fighter II 0441 - Fireproof Safe with Internal Lockable Drawer","https://jcbmtyxdosbiuaapukqi.supabase.co/storage/v1/object/public/products/Phoenix%20Fire%20Fighter%20II%200441%20%20Fireproof%20Safe%20with%20Internal%20Lockable%20Drawer.jpg"
"294d26aa-824c-458f-bc5c-4aee4aebd0f8","Phoenix Fire Fighter II 0442 - Fireproof Safe with Internal Lockable Drawer","https://jcbmtyxdosbiuaapukqi.supabase.co/storage/v1/object/public/products/Phoenix%20Fire%20Fighter%20II%200442%20%20Fireproof%20Safe%20with%20Internal%20Lockable%20Drawer.jpg"
"433791e3-61c6-4158-8b7d-452a23c8e94d","Master Lock LFW205TWC - Fire and Water Proof Safe","https://jcbmtyxdosbiuaapukqi.supabase.co/storage/v1/object/public/products/Master%20Lock%20LFW205TWC%20%20Fire%20and%20Water%20Proof%20Safe.jpg"
"060ff16c-c930-48cb-9f11-5fa781bd538c","Chubbsafes Executive 65 - Fireproof Safe","https://jcbmtyxdosbiuaapukqi.supabase.co/storage/v1/object/public/products/Chubbsafes%20Executive%2065%20%20Fireproof%20Safe.jpg"
"a6bde5a8-68bb-4ccb-b837-970e7b741805","Phoenix Datacare 2002 - Fire Data Safe for Magnetic and Digital Data","https://jcbmtyxdosbiuaapukqi.supabase.co/storage/v1/object/public/products/Phoenix%20Datacare%202002%20%20Fire%20Data%20Safe%20for%20Magnetic%20and%20Digital%20Data.jpg"
"1f044308-2954-44db-82bc-42aa6a67e488","Phoenix Combi 2501 - Fire Safe for Paper and Data","https://jcbmtyxdosbiuaapukqi.supabase.co/storage/v1/object/public/products/Phoenix%20Combi%202501%20%20Fire%20Safe%20for%20Paper%20and%20Data.jpg"
"020b1ca1-5133-4199-a6a1-b29152855753","Phoenix Fire Ranger 1511 S1 - Fireproof Security Safe","https://jcbmtyxdosbiuaapukqi.supabase.co/storage/v1/object/public/products/Phoenix%20Fire%20Ranger%201511%20S1%20%20Fireproof%20Security%20Safe.jpg"
"5dfedb39-1672-4f4a-8224-f5f015247872","Master Lock LTW205GYC - Fire and Water Proof Safe","https://jcbmtyxdosbiuaapukqi.supabase.co/storage/v1/object/public/products/Master%20Lock%20LTW205GYC%20%20Fire%20and%20Water%20Proof%20Safe.jpg"
"c7e63666-521b-439e-a615-b3dd074929fa","Burton FF200MK/II Fireproof Filing Cabinet - 2 Drawer","https://jcbmtyxdosbiuaapukqi.supabase.co/storage/v1/object/public/products/Burton%20FF200MKII%20Fireproof%20Filing%20Cabinet%20%202%20Drawer.jpg"
"161c0bdd-08a3-4835-8713-c7f99c844496","Phoenix World Class Vertical Fire File 2252","https://jcbmtyxdosbiuaapukqi.supabase.co/storage/v1/object/public/products/Phoenix%20World%20Class%20Vertical%20Fire%20File%202252.jpg"
"841346dc-0181-4604-a53a-3b868096a007","Chubbsafes 2 Hour Fire File Cabinet - 2 Drawer","https://jcbmtyxdosbiuaapukqi.supabase.co/storage/v1/object/public/products/Chubbsafes%202%20Hour%20Fire%20File%20Cabinet%20%202%20Drawer.jpg"
"81eb0078-92db-4dac-b429-943a30f90d4b","Burton FF300MK/II Fireproof Filing Cabinet - 3 Drawer","https://jcbmtyxdosbiuaapukqi.supabase.co/storage/v1/object/public/products/Burton%20FF300MKII%20Fireproof%20Filing%20Cabinet%20%203%20Drawer.jpg"
"d99d8f3f-a9c8-42e7-968b-d8a76ef07a17","Chubbsafes 2 Hour Fire File Cabinet - 3 Drawer","https://jcbmtyxdosbiuaapukqi.supabase.co/storage/v1/object/public/products/Chubbsafes%202%20Hour%20Fire%20File%20Cabinet%20%203%20Drawer.jpg"
"5bee8f97-7ed3-4093-b5cd-468bf5c2d714","Phoenix World Class Vertical Fire File 2254","https://jcbmtyxdosbiuaapukqi.supabase.co/storage/v1/object/public/products/Phoenix%20World%20Class%20Vertical%20Fire%20File%202254.jpg"
"3e15aba7-e0fd-474c-99f0-829dc7f250c1","Chubbsafes 2 Hour Fire File Cabinet - 4 Drawer","https://jcbmtyxdosbiuaapukqi.supabase.co/storage/v1/object/public/products/Chubbsafes%202%20Hour%20Fire%20File%20Cabinet%20%204%20Drawer.jpg"
"4ca26cae-47fc-4f0e-a5d1-10483f15d565","Wall-Mounted LED Emergency Fire Exit Sign - Pico","https://jcbmtyxdosbiuaapukqi.supabase.co/storage/v1/object/public/products/WallMounted%20LED%20Emergency%20Fire%20Exit%20Sign%20%20Pico.jpg"
"0779ed34-e2e3-440b-8c09-7721099ccf29","Phoenix Fire Ranger 1512 S1 - Fireproof Security Safe","https://jcbmtyxdosbiuaapukqi.supabase.co/storage/v1/object/public/products/Phoenix%20Fire%20Ranger%201512%20S1%20%20Fireproof%20Security%20Safe.jpg"
"fed0da3e-dc72-4728-b868-949a7da71b3c","Phoenix Fire Ranger 1513 S1 - Fireproof Security Safe","https://jcbmtyxdosbiuaapukqi.supabase.co/storage/v1/object/public/products/Phoenix%20Fire%20Ranger%201513%20S1%20%20Fireproof%20Security%20Safe.jpg"
"19511064-e79b-441a-92bc-2253768f47ca","Phoenix Fire Ranger 1514 S1 - Fire and Security Safe","https://jcbmtyxdosbiuaapukqi.supabase.co/storage/v1/object/public/products/Phoenix%20Fire%20Ranger%201514%20S1%20%20Fire%20and%20Security%20Safe.jpg"
"1ea3a6e1-6632-4d40-9799-c05b8de865ae","Phoenix Fire Commander 1912 - Fireproof Safe","https://jcbmtyxdosbiuaapukqi.supabase.co/storage/v1/object/public/products/Phoenix%20Fire%20Commander%201912%20%20Fireproof%20Safe.jpg"
"5c731c4d-a006-47a8-831c-2015a80141f0","Phoenix Data Commander 4621 - Fireproof Safe for Magnetic and Digital Data","https://jcbmtyxdosbiuaapukqi.supabase.co/storage/v1/object/public/products/Phoenix%20Data%20Commander%204621%20%20Fireproof%20Safe%20for%20Magnetic%20and%20Digital%20Data.jpg"
"81ef3bc6-1317-4227-9e40-c8eaa4807641","Chubbsafes DuoGuard 300 - Fire and Security Safe","https://jcbmtyxdosbiuaapukqi.supabase.co/storage/v1/object/public/products/Chubbsafes%20DuoGuard%20300%20%20Fire%20and%20Security%20Safe.jpg"
"e533d1ad-a9a7-41d4-84f4-02d25d6bdbc6","Phoenix Fire Commander 1913 - Fireproof Safe","https://jcbmtyxdosbiuaapukqi.supabase.co/storage/v1/object/public/products/Phoenix%20Fire%20Commander%201913%20%20Fireproof%20Safe.jpg"
"2e75d65e-df1c-41f5-b042-346a922ff67b","Phoenix Data Commander 4622 - Fireproof Safe for Magnetic and Digital Data","https://jcbmtyxdosbiuaapukqi.supabase.co/storage/v1/object/public/products/Phoenix%20Data%20Commander%204622%20%20Fireproof%20Safe%20for%20Magnetic%20and%20Digital%20Data.jpg"
"1d14fb2d-7edf-4242-af54-3bf4f9c04078","Chubbsafes Trident 310 Grade IV - Fire and Security Safe","https://jcbmtyxdosbiuaapukqi.supabase.co/storage/v1/object/public/products/Chubbsafes%20Trident%20310%20Grade%20IV%20%20Fire%20and%20Security%20Safe.jpg"
"b377a31e-a135-4bce-a14a-15a9eefa8f1b","Phoenix Data Commander 4623 - Fireproof Safe for Magnetic and Digital Data","https://jcbmtyxdosbiuaapukqi.supabase.co/storage/v1/object/public/products/Phoenix%20Data%20Commander%204623%20%20Fireproof%20Safe%20for%20Magnetic%20and%20Digital%20Data.jpg"
"f600e558-e128-4ae5-b70f-08546a920c3b","Chubbsafes Trident 420 Grade IV - Fire and Security Safe","https://jcbmtyxdosbiuaapukqi.supabase.co/storage/v1/object/public/products/Chubbsafes%20Trident%20420%20Grade%20IV%20%20Fire%20and%20Security%20Safe.jpg"
"9a8b316f-13e9-4186-9355-6e1b637a99e0","Chubbsafes Trident 310 Grade V - Fire and Security Safe","https://jcbmtyxdosbiuaapukqi.supabase.co/storage/v1/object/public/products/Chubbsafes%20Trident%20310%20Grade%20V%20%20Fire%20and%20Security%20Safe.jpg"
"63ff346a-ed3e-489b-8e90-9a2d6b761cce","Chubbsafes DataPlus Size 5 - Fire Data Safe for Magnetic and Digital Data","https://jcbmtyxdosbiuaapukqi.supabase.co/storage/v1/object/public/products/Chubbsafes%20DataPlus%20Size%205%20%20Fire%20Data%20Safe%20for%20Magnetic%20and%20Digital%20Data.jpg"
"b58ed5b4-d438-4d92-80c2-364502c17e86","Chubbsafes Trident 420 Grade V - Fire and Security Safe","https://jcbmtyxdosbiuaapukqi.supabase.co/storage/v1/object/public/products/Chubbsafes%20Trident%20420%20Grade%20V%20%20Fire%20and%20Security%20Safe.jpg"
"4c1bbcc2-16a9-44ca-88a8-416452990381","Chubbsafes Trident 310 Grade VI - Fire and Security Safe","https://jcbmtyxdosbiuaapukqi.supabase.co/storage/v1/object/public/products/Chubbsafes%20Trident%20310%20Grade%20VI%20%20Fire%20and%20Security%20Safe.jpg"
"f0ab8510-ac62-494c-bafa-3e3895de1171","Phoenix Fire Commander 1911 - Fireproof Safe","https://jcbmtyxdosbiuaapukqi.supabase.co/storage/v1/object/public/products/Phoenix%20Fire%20Commander%201911%20%20Fireproof%20Safe.jpg"
"d55f94b9-2e15-40c3-a01d-6714f376e7a2","Phoenix Fire Commander 1914 - Fireproof Safe","https://jcbmtyxdosbiuaapukqi.supabase.co/storage/v1/object/public/products/Phoenix%20Fire%20Commander%201914%20%20Fireproof%20Safe.jpg"
"9420f8fe-36b3-4939-85a3-53ea12db393b","Chubbsafes DuoGuard 350 - Fire and Security Safe","https://jcbmtyxdosbiuaapukqi.supabase.co/storage/v1/object/public/products/Chubbsafes%20DuoGuard%20350%20%20Fire%20and%20Security%20Safe.jpg"
"097adbe1-b0a5-481d-8f7e-94fb64f04080","Chubbsafes DuoGuard 450 - Fire and Security Safe","https://jcbmtyxdosbiuaapukqi.supabase.co/storage/v1/object/public/products/Chubbsafes%20DuoGuard%20450%20%20Fire%20and%20Security%20Safe.jpg"
"2fdc911a-53c1-496d-878c-40af26110764","Phoenix Dream Series - Security Safe with Electronic Lock","https://jcbmtyxdosbiuaapukqi.supabase.co/storage/v1/object/public/products/Phoenix%20Dream%20Series%20%20Security%20Safe%20with%20Electronic%20Lock.jpg"
"254dbbd0-7c10-45a5-9c1e-a8de2f515164","Phoenix Vela 0801E - Security Safe with Electronic Lock","https://jcbmtyxdosbiuaapukqi.supabase.co/storage/v1/object/public/products/Phoenix%20Vela%200801E%20%20Security%20Safe%20with%20Electronic%20Lock.jpg"
"6517b9a5-4bc3-4868-a695-caaa56e94f8f","Phoenix Vela 0802E - Security Safe with Electronic Lock","https://jcbmtyxdosbiuaapukqi.supabase.co/storage/v1/object/public/products/Phoenix%20Vela%200802E%20%20Security%20Safe%20with%20Electronic%20Lock.jpg"
"b5f7b5f4-4797-4eb1-a372-5d20113ba177","Phoenix Vela 0803E - Security Safe with Electronic Lock","https://jcbmtyxdosbiuaapukqi.supabase.co/storage/v1/object/public/products/Phoenix%20Vela%200803E%20%20Security%20Safe%20with%20Electronic%20Lock.jpg"
"fad85e59-6c20-47a9-bbeb-2047b7b40708","Phoenix Vela 0804E - Security Safe with Electronic Lock","https://jcbmtyxdosbiuaapukqi.supabase.co/storage/v1/object/public/products/Phoenix%20Vela%200804E%20%20Security%20Safe%20with%20Electronic%20Lock.jpg"
"baad8c73-2144-466d-93cc-567fe2c39f9a","Phoenix Fortress 1181 - Security Safe","https://jcbmtyxdosbiuaapukqi.supabase.co/storage/v1/object/public/products/Phoenix%20Fortress%201181%20%20Security%20Safe.jpg"
"6f756f2a-0647-40bd-9173-2ec5d8490c15","Phoenix Fortress 1182 - Security Safe","https://jcbmtyxdosbiuaapukqi.supabase.co/storage/v1/object/public/products/Phoenix%20Fortress%201182%20%20Security%20Safe.jpg"
"bb585b40-4e2b-411a-90dd-9944128b0276","Phoenix Fortress 1183 - Security Safe","https://jcbmtyxdosbiuaapukqi.supabase.co/storage/v1/object/public/products/Phoenix%20Fortress%201183%20%20Security%20Safe.jpg"
"738a7129-59d2-4da9-9edc-5421dee052f8","Phoenix 0996E - Cashier Deposit Security Safe with Electronic Lock","https://jcbmtyxdosbiuaapukqi.supabase.co/storage/v1/object/public/products/Phoenix%200996E%20%20Cashier%20Deposit%20Security%20Safe%20with%20Electronic%20Lock.jpg"
"88bacc9b-a73a-4e3f-8c43-cda478da73f5","Phoenix Neptune HS1051 - Euro Grade Security Safe","https://jcbmtyxdosbiuaapukqi.supabase.co/storage/v1/object/public/products/Phoenix%20Neptune%20HS1051%20%20Euro%20Grade%20Security%20Safe.jpg"
"da8f6f90-6fa4-4f37-9738-04c37ac675f9","Phoenix Neptune HS1052 - Euro Grade Security Safe","https://jcbmtyxdosbiuaapukqi.supabase.co/storage/v1/object/public/products/Phoenix%20Neptune%20HS1052%20%20Euro%20Grade%20Security%20Safe.jpg"
"4d837aeb-bed4-4352-804d-cb924ef8f23e","Phoenix 0998E - Cashier Deposit Security Safe with Electronic Lock","https://jcbmtyxdosbiuaapukqi.supabase.co/storage/v1/object/public/products/Phoenix%200998E%20%20Cashier%20Deposit%20Security%20Safe%20with%20Electronic%20Lock.jpg"
"8b76a0c1-4f8d-450f-9763-ffd8d67d1b6c","Master Lock Select Access Key Safes - 5401 and 5403","https://jcbmtyxdosbiuaapukqi.supabase.co/storage/v1/object/public/products/Master%20Lock%20Select%20Access%20Key%20Safes%20%205401%20and%205403.jpg"
"0e51e6a1-ef57-4953-9036-aa8e9cad506d","Master Lock Select Access Key Safe - 5415","https://jcbmtyxdosbiuaapukqi.supabase.co/storage/v1/object/public/products/Master%20Lock%20Select%20Access%20Key%20Safe%20%205415.jpg"
"22e63dc3-5e4f-498b-bf01-6dac9706d142","Double Door Flammable Liquid Cabinets","https://jcbmtyxdosbiuaapukqi.supabase.co/storage/v1/object/public/products/Double%20Door%20Flammable%20Liquid%20Cabinets.jpg"
"f5abb67e-a7fe-4582-b802-a214bd2a34c9","Single Door Flammable Liquid Cabinets","https://jcbmtyxdosbiuaapukqi.supabase.co/storage/v1/object/public/products/Single%20Door%20Flammable%20Liquid%20Cabinets.jpg"
"b118b906-ab12-4a36-952b-70b67811e28d","Flammable Liquid Cabinet Additional Shelves","https://jcbmtyxdosbiuaapukqi.supabase.co/storage/v1/object/public/products/Flammable%20Liquid%20Cabinet%20Additional%20Shelves.jpg"
"4ae8430d-b3fc-47e1-a9cc-00b5aab5e8e3","UltraFire Blue Weatherproof Personal Protective Equipment Cabinet - Large","https://jcbmtyxdosbiuaapukqi.supabase.co/storage/v1/object/public/products/UltraFire%20Blue%20Weatherproof%20Personal%20Protective%20Equipment%20Cabinet%20%20Large.jpg"
"782f2b13-8817-4ad2-acf8-09efa3bc0675","Single Door PPE Storage Cabinet","https://jcbmtyxdosbiuaapukqi.supabase.co/storage/v1/object/public/products/Single%20Door%20PPE%20Storage%20Cabinet.jpg"
"66ae8159-724f-4b5d-bc83-27214d41b8c5","Fall Arrest Harness - Double Point","https://jcbmtyxdosbiuaapukqi.supabase.co/storage/v1/object/public/products/Fall%20Arrest%20Harness%20%20Double%20Point.jpg"
"76004446-d0c2-41fc-83b3-9006ccbc9faa","Double Door PPE Storage Cabinets","https://jcbmtyxdosbiuaapukqi.supabase.co/storage/v1/object/public/products/Double%20Door%20PPE%20Storage%20Cabinets.jpg"
"eeba5844-0e38-4eb0-8544-01db8ccfb74f","PPE Storage Cabinet Additional Shelves","https://jcbmtyxdosbiuaapukqi.supabase.co/storage/v1/object/public/products/PPE%20Storage%20Cabinet%20Additional%20Shelves.jpg"
"3026a63f-27b5-46fa-82c0-38b4ae9f3eeb","UltraFire Yellow Spill Kit Cabinet - Large","https://jcbmtyxdosbiuaapukqi.supabase.co/storage/v1/object/public/products/UltraFire%20Yellow%20Spill%20Kit%20Cabinet%20%20Large.jpg"
"0e9cc6bc-222d-47de-9753-497e91c7b023","Single Door COSHH Storage Cabinets","https://jcbmtyxdosbiuaapukqi.supabase.co/storage/v1/object/public/products/Single%20Door%20COSHH%20Storage%20Cabinets.jpg"
"75c90da2-d2c3-4d4d-a20c-187882934c2e","Double Door COSHH Storage Cabinets","https://jcbmtyxdosbiuaapukqi.supabase.co/storage/v1/object/public/products/Double%20Door%20COSHH%20Storage%20Cabinets.jpg"
"c7e27028-8426-4ff3-ad61-b174f8181e28","COSHH Storage Cabinet Additional Shelves","https://jcbmtyxdosbiuaapukqi.supabase.co/storage/v1/object/public/products/COSHH%20Storage%20Cabinet%20Additional%20Shelves.jpg"
"b91e6f8a-4e60-491e-9e4f-6c69fe01cf25","Grit Bin - Yellow Weatherproof 108ltr","https://jcbmtyxdosbiuaapukqi.supabase.co/storage/v1/object/public/products/Grit%20Bin%20%20Yellow%20Weatherproof%20108ltr.jpg"
"8975fa70-3ddb-441f-bf50-f001b343d7a2","Round Recessed LED Emergency Downlight - Meled MEL","https://jcbmtyxdosbiuaapukqi.supabase.co/storage/v1/object/public/products/Round%20Recessed%20LED%20Emergency%20Downlight%20%20Meled%20MEL.jpg"
"4d0991d8-3048-4861-b35d-4480f108783b","LED Emergency Lighting Bulkhead Slave Unit - Arc AR","https://jcbmtyxdosbiuaapukqi.supabase.co/storage/v1/object/public/products/LED%20Emergency%20Lighting%20Bulkhead%20Slave%20Unit%20%20Arc%20AR.jpg"
"0698526b-2fcb-4a6c-89a9-8f0503078604","0.6kg & 0.8kg Powder Fire Extinguishers for Cars, Caravans and Travel - Firechief","https://jcbmtyxdosbiuaapukqi.supabase.co/storage/v1/object/public/products/06kg%20%2008kg%20Powder%20Fire%20Extinguishers%20for%20Cars%20Caravans%20and%20Travel%20%20Firechief.jpg"
"a6b2c41c-61e4-4e26-a0d4-4b0c41067992","Lithium Battery Fire Extinguisher - Lithco","https://jcbmtyxdosbiuaapukqi.supabase.co/storage/v1/object/public/products/Lithium%20Battery%20Fire%20Extinguisher%20%20Lithco.jpg"
"fd1b45ee-5725-49da-94f5-e75d79a92286","500ml Compact Home Fire Extinguisher / Fire Fighting Spray - Kidde Flame Out","https://jcbmtyxdosbiuaapukqi.supabase.co/storage/v1/object/public/products/500ml%20Compact%20Home%20Fire%20Extinguisher%20%20Fire%20Fighting%20Spray%20%20Kidde%20Flame%20Out.jpg"
"746d947d-7390-40ec-b7cc-9621dfd24936","1kg Powder Fire Extinguisher - UltraFire","https://jcbmtyxdosbiuaapukqi.supabase.co/storage/v1/object/public/products/1kg%20Powder%20Fire%20Extinguisher%20%20UltraFire.jpg"
"79150f8b-bedb-4c15-97e2-c2d7d99a7bc6","2ltr Water Mist Fire Extinguisher - UltraFire","https://jcbmtyxdosbiuaapukqi.supabase.co/storage/v1/object/public/products/2ltr%20Water%20Mist%20Fire%20Extinguisher%20%20UltraFire.jpg"
"ff0735c8-131f-4c0d-a917-7008e6144263","2kg Powder Fire Extinguisher - UltraFire","https://jcbmtyxdosbiuaapukqi.supabase.co/storage/v1/object/public/products/2kg%20Powder%20Fire%20Extinguisher%20%20UltraFire.jpg"
"7fef2c81-81fb-465e-a5ee-36a9adeced65","Kidde 2kg Multi-Purpose Fire Extinguisher","https://jcbmtyxdosbiuaapukqi.supabase.co/storage/v1/object/public/products/Kidde%202kg%20MultiPurpose%20Fire%20Extinguisher.jpg"
"be074331-a679-4612-804d-0bc12ed2413a","P50 Service-Free 2kg Powder Fire Extinguisher","https://jcbmtyxdosbiuaapukqi.supabase.co/storage/v1/object/public/products/P50%20ServiceFree%202kg%20Powder%20Fire%20Extinguisher.jpg"
"f2a9e7ce-bd3e-43a8-a769-de41c8e0b00c","Refurbished 2kg CO2 Fire Extinguisher","https://jcbmtyxdosbiuaapukqi.supabase.co/storage/v1/object/public/products/Refurbished%202kg%20CO2%20Fire%20Extinguisher.jpg"
"da37fca0-52f3-41e0-9f41-4ef6f6821d1c","2kg CO2 Fire Extinguisher - UltraFire","https://jcbmtyxdosbiuaapukqi.supabase.co/storage/v1/object/public/products/2kg%20CO2%20Fire%20Extinguisher%20%20UltraFire.jpg"
"60770f7c-e4d0-4b3a-968f-53d7706065be","Polished Aluminium 2kg CO2 Fire Extinguisher","https://jcbmtyxdosbiuaapukqi.supabase.co/storage/v1/object/public/products/Polished%20Aluminium%202kg%20CO2%20Fire%20Extinguisher.jpg"
"2d54df3c-0bef-41b2-979a-b06d51c5d7c1","Fall Arrest Harness - Double Point (D Ring and Loop)","https://jcbmtyxdosbiuaapukqi.supabase.co/storage/v1/object/public/products/Fall%20Arrest%20Harness%20%20Double%20Point%20D%20Ring%20and%20Loop.jpg"
"048f915a-60ab-4981-b166-b03a1d469d74","3kg Slimline Powder Fire Extinguisher - Jewel Fire Group","https://jcbmtyxdosbiuaapukqi.supabase.co/storage/v1/object/public/products/3kg%20Slimline%20Powder%20Fire%20Extinguisher%20%20Jewel%20Fire%20Group.jpg"
"f9626760-3f38-4b4c-bef6-b40030a9f0f6","4kg Powder Fire Extinguisher - Thomas Glover PowerX","https://jcbmtyxdosbiuaapukqi.supabase.co/storage/v1/object/public/products/4kg%20Powder%20Fire%20Extinguisher%20%20Thomas%20Glover%20PowerX.jpg"
"4ee2d544-4a60-468e-9f69-a94a4187e758","Refurbished 5kg CO2 Fire Extinguisher","https://jcbmtyxdosbiuaapukqi.supabase.co/storage/v1/object/public/products/Refurbished%205kg%20CO2%20Fire%20Extinguisher.jpg"
"5f7da241-82d4-425c-bb83-3ebfc50ccb52","5kg CO2 Fire Extinguisher - UltraFire","https://jcbmtyxdosbiuaapukqi.supabase.co/storage/v1/object/public/products/5kg%20CO2%20Fire%20Extinguisher%20%20UltraFire.jpg"
"81427f0c-f42b-416f-b838-5250c15b4602","6kg Powder Fire Extinguisher - UltraFire","https://jcbmtyxdosbiuaapukqi.supabase.co/storage/v1/object/public/products/6kg%20Powder%20Fire%20Extinguisher%20%20UltraFire.jpg"
"341036a1-409d-4eb8-b503-0cc691efe807","Stainless Steel 6kg Dry Powder Fire Extinguisher","https://jcbmtyxdosbiuaapukqi.supabase.co/storage/v1/object/public/products/Stainless%20Steel%206kg%20Dry%20Powder%20Fire%20Extinguisher.jpg"
"9152335b-f752-4a55-89ea-7218bc73d8bc","Stainless Steel 6ltr Water Fire Extinguisher - Contempo","https://jcbmtyxdosbiuaapukqi.supabase.co/storage/v1/object/public/products/Stainless%20Steel%206ltr%20Water%20Fire%20Extinguisher%20%20Contempo.jpg"
"82d0c187-f2e6-4394-afcf-06c6659453b2","P50 Service-Free 6ltr Water Mist Fire Extinguisher","https://jcbmtyxdosbiuaapukqi.supabase.co/storage/v1/object/public/products/P50%20ServiceFree%206ltr%20Water%20Mist%20Fire%20Extinguisher.jpg"
"f3fefd33-0b21-4696-b045-2cc811dca32a","P50 Service-Free 2ltr Water Mist Fire Extinguisher","https://jcbmtyxdosbiuaapukqi.supabase.co/storage/v1/object/public/products/P50%20ServiceFree%202ltr%20Water%20Mist%20Fire%20Extinguisher.jpg"
"37943daf-4211-4dd5-8f70-1598a3a9e755","6ltr Water Mist Fire Extinguisher - Act Fire","https://jcbmtyxdosbiuaapukqi.supabase.co/storage/v1/object/public/products/6ltr%20Water%20Mist%20Fire%20Extinguisher%20%20Act%20Fire.jpg"
"dfd0bbad-f702-46a5-a203-712daaf81cd1","6ltr Water Mist Fire Extinguisher - UltraFire","https://jcbmtyxdosbiuaapukqi.supabase.co/storage/v1/object/public/products/6ltr%20Water%20Mist%20Fire%20Extinguisher%20%20UltraFire.jpg"
"e4624ca5-f9e0-4cc6-a707-ff25482ba526","2ltr Water Mist Fire Extinguisher & Fire Blanket Special Offer","https://jcbmtyxdosbiuaapukqi.supabase.co/storage/v1/object/public/products/2ltr%20Water%20Mist%20Fire%20Extinguisher%20%20Fire%20Blanket%20Special%20Offer.jpg"
"1abb9643-df31-46cd-a5fb-50d22549d2c4","3ltr Water Mist Fire Extinguisher - UltraFire","https://jcbmtyxdosbiuaapukqi.supabase.co/storage/v1/object/public/products/3ltr%20Water%20Mist%20Fire%20Extinguisher%20%20UltraFire.jpg"
"fed6b4fe-4dcc-43f9-bfc4-a5a89bdca151","Anti-Magnetic 2kg CO2 Fire Extinguisher","https://jcbmtyxdosbiuaapukqi.supabase.co/storage/v1/object/public/products/AntiMagnetic%202kg%20CO2%20Fire%20Extinguisher.jpg"
"febed8bf-db36-4e1b-8f81-7f1f2fd2e358","Britannia Norfolk 20kg Wheeled CO2 Extinguisher","https://jcbmtyxdosbiuaapukqi.supabase.co/storage/v1/object/public/products/Britannia%20Norfolk%2020kg%20Wheeled%20CO2%20Extinguisher.jpg"
"95c43567-a27e-448b-bb4e-7c1dc465b661","Lithco LB6 Lithium-Ion Battery 6ltr Fire Extinguisher - UltraFire","https://jcbmtyxdosbiuaapukqi.supabase.co/storage/v1/object/public/products/Lithco%20LB6%20LithiumIon%20Battery%206ltr%20Fire%20Extinguisher%20%20UltraFire.jpg"
"bee9adf8-c4c4-4154-8c3d-2d5e4e4e771e","9ltr Water Fire Extinguisher - UltraFire","https://jcbmtyxdosbiuaapukqi.supabase.co/storage/v1/object/public/products/9ltr%20Water%20Fire%20Extinguisher%20%20UltraFire.jpg"
"7d90dcf3-b05e-450f-a5b2-848234d1b0d7","9ltr Water Fire Extinguisher - Britannia","https://jcbmtyxdosbiuaapukqi.supabase.co/storage/v1/object/public/products/9ltr%20Water%20Fire%20Extinguisher%20%20Britannia.jpg"
"9268fd78-3bfa-4945-a635-ccce2dd8aa2f","Stainless Steel 9ltr Water Fire Extinguisher","https://jcbmtyxdosbiuaapukqi.supabase.co/storage/v1/object/public/products/Stainless%20Steel%209ltr%20Water%20Fire%20Extinguisher.jpg"
"ed70c34e-daf4-4ae2-ad81-0ecb80dd1935","3ltr Water Fire Extinguisher with Additive - UltraFire","https://jcbmtyxdosbiuaapukqi.supabase.co/storage/v1/object/public/products/3ltr%20Water%20Fire%20Extinguisher%20with%20Additive%20%20UltraFire.jpg"
"1352c6b1-df8b-4182-8f26-715d1ebb9448","6ltr Water Fire Extinguisher with Additive - UltraFire","https://jcbmtyxdosbiuaapukqi.supabase.co/storage/v1/object/public/products/6ltr%20Water%20Fire%20Extinguisher%20with%20Additive%20%20UltraFire.jpg"
"99e9b7e0-157f-450b-bcad-91a8c58f75ab","LED Recessed Emergency Lighting Bulkhead - Calabor","https://jcbmtyxdosbiuaapukqi.supabase.co/storage/v1/object/public/products/LED%20Recessed%20Emergency%20Lighting%20Bulkhead%20%20Calabor.jpg"
"555d2947-f44f-43aa-9aae-732109351256","LED Recessed Emergency Lighting Bulkhead with Self-Test - Calabor","https://jcbmtyxdosbiuaapukqi.supabase.co/storage/v1/object/public/products/LED%20Recessed%20Emergency%20Lighting%20Bulkhead%20with%20SelfTest%20%20Calabor.jpg"
"41864360-f4a4-4a45-9085-64546237a461","LED IP65 Round Emergency Light - Mezzina","https://jcbmtyxdosbiuaapukqi.supabase.co/storage/v1/object/public/products/LED%20IP65%20Round%20Emergency%20Light%20%20Mezzina.jpg"
"a59450f0-1929-4a7c-98f8-a9aae7f2a410","Double-Sided Recessed LED Fire Exit Sign - Calabor EX","https://jcbmtyxdosbiuaapukqi.supabase.co/storage/v1/object/public/products/DoubleSided%20Recessed%20LED%20Fire%20Exit%20Sign%20%20Calabor%20EX.jpg"
"98373f71-130d-4bc7-a8dc-b46085a6f062","Emergency LED Floodlight with PIR Motion Activation","https://jcbmtyxdosbiuaapukqi.supabase.co/storage/v1/object/public/products/Emergency%20LED%20Floodlight%20with%20PIR%20Motion%20Activation.jpg"
"3b950c23-294f-48b6-9cf3-b3adcd69e084","Wall-Mounted LED Fire Exit Sign with Self-Test - Pico","https://jcbmtyxdosbiuaapukqi.supabase.co/storage/v1/object/public/products/WallMounted%20LED%20Fire%20Exit%20Sign%20with%20SelfTest%20%20Pico.jpg"
"7dfaf430-da4c-482a-814a-b1500f752d59","Wall-Mounted 8W Fire Exit Sign Slave Unit - Pico PIC8","https://jcbmtyxdosbiuaapukqi.supabase.co/storage/v1/object/public/products/WallMounted%208W%20Fire%20Exit%20Sign%20Slave%20Unit%20%20Pico%20PIC8.jpg"
"0135553d-72be-4c62-8363-c19303895dd2","Assembly Point Sign - Fire Safety Signs From Jalite","https://jcbmtyxdosbiuaapukqi.supabase.co/storage/v1/object/public/products/Assembly%20Point%20Sign%20%20Fire%20Safety%20Signs%20From%20Jalite.jpg"
"7e0fb41c-d61c-4707-9d93-9b97ad59cae5","Single-Sided, Chain-Suspended LED Fire Exit Sign - Savona","https://jcbmtyxdosbiuaapukqi.supabase.co/storage/v1/object/public/products/SingleSided%20ChainSuspended%20LED%20Fire%20Exit%20Sign%20%20Savona.jpg"
"46948d7f-27c7-4c87-8f50-f374ffa05d97","Wall-Mounted 8W Fire Exit Sign with Self-Test - Pico PIC8","https://jcbmtyxdosbiuaapukqi.supabase.co/storage/v1/object/public/products/WallMounted%208W%20Fire%20Exit%20Sign%20with%20SelfTest%20%20Pico%20PIC8.jpg"
"00eae21d-3f71-47bd-84cd-20f6f255890b","Single-Sided Hanging LED Fire Exit Sign with Self-Test - Romney","https://jcbmtyxdosbiuaapukqi.supabase.co/storage/v1/object/public/products/SingleSided%20Hanging%20LED%20Fire%20Exit%20Sign%20with%20SelfTest%20%20Romney.jpg"
"219d3683-2d84-4663-9aef-afe93d4c109f","Double-Sided Hanging LED Fire Exit Sign with Self-Test - Romney","https://jcbmtyxdosbiuaapukqi.supabase.co/storage/v1/object/public/products/DoubleSided%20Hanging%20LED%20Fire%20Exit%20Sign%20with%20SelfTest%20%20Romney.jpg"
"c0195776-ac7d-497a-a46d-fd14ae64b393","Single-Sided Recessed LED Fire Exit Sign with Self-Test - Calabor EX","https://jcbmtyxdosbiuaapukqi.supabase.co/storage/v1/object/public/products/SingleSided%20Recessed%20LED%20Fire%20Exit%20Sign%20with%20SelfTest%20%20Calabor%20EX.jpg"
"05e0d2a5-b3f5-4250-9189-754e9e5a292f","Double-Sided Recessed LED Fire Exit Sign with Self-Test - Calabor EX","https://jcbmtyxdosbiuaapukqi.supabase.co/storage/v1/object/public/products/DoubleSided%20Recessed%20LED%20Fire%20Exit%20Sign%20with%20SelfTest%20%20Calabor%20EX.jpg"
"862f72b1-da02-4268-9a85-a123ddd663bc","Double-Sided 8W Fire Exit Sign 24V Slave Unit - Calabor CAL8","https://jcbmtyxdosbiuaapukqi.supabase.co/storage/v1/object/public/products/DoubleSided%208W%20Fire%20Exit%20Sign%2024V%20Slave%20Unit%20%20Calabor%20CAL8.jpg"
"ac6ce03b-78f7-4443-8b01-690bd6c4c5ab","Auraglow CYRUS Outdoor Solar Security Light with PIR Motion Sensor","https://jcbmtyxdosbiuaapukqi.supabase.co/storage/v1/object/public/products/Auraglow%20CYRUS%20Outdoor%20Solar%20Security%20Light%20with%20PIR%20Motion%20Sensor.jpg"
"b3b491d2-0e10-47c1-ba21-24090d317d1b","Fire Exit Signs from JALITE","https://jcbmtyxdosbiuaapukqi.supabase.co/storage/v1/object/public/products/Fire%20Exit%20Signs%20from%20JALITE.jpg"
"d89191e6-0a36-407b-b8ac-79f0add1fdf7","HTM 65 - NHS Estate Fire Exit Signs","https://jcbmtyxdosbiuaapukqi.supabase.co/storage/v1/object/public/products/HTM%2065%20%20NHS%20Estate%20Fire%20Exit%20Signs.jpg"
"e0005e3b-ee77-456d-8f17-c9ba8142d2a6","EVAC+CHAIR 300H MK5 Evacuation Chair","https://jcbmtyxdosbiuaapukqi.supabase.co/storage/v1/object/public/products/EVACCHAIR%20300H%20MK5%20Evacuation%20Chair.jpg"
"a9c2f830-a542-4b9f-9e28-b47767de5510","Evac+Chair 300H MK5 with ProMove Child Transfer Sling","https://jcbmtyxdosbiuaapukqi.supabase.co/storage/v1/object/public/products/EvacChair%20300H%20MK5%20with%20ProMove%20Child%20Transfer%20Sling.jpg"
"0f8d66dd-7be3-4dc8-8849-d00bbe72e4a3","Evac+Chair 300H MK5 with ProMove Adult Transfer Sling","https://jcbmtyxdosbiuaapukqi.supabase.co/storage/v1/object/public/products/EvacChair%20300H%20MK5%20with%20ProMove%20Adult%20Transfer%20Sling.jpg"
"647603ff-030f-44f7-a3f2-0c908ec082ea","EVAC+CHAIR 600H MK5 Evacuation Chair","https://jcbmtyxdosbiuaapukqi.supabase.co/storage/v1/object/public/products/EVACCHAIR%20600H%20MK5%20Evacuation%20Chair.jpg"
"f5ee8409-0824-4ee1-b80c-3d75a4d760d9","EVAC+CHAIR 110 Narrow Aisle Evacuation Chair","https://jcbmtyxdosbiuaapukqi.supabase.co/storage/v1/object/public/products/EVACCHAIR%20110%20Narrow%20Aisle%20Evacuation%20Chair.jpg"
"77337086-31c2-43ed-ba04-396e8b7f1147","EVAC+CHAIR 500H MK5 Evacuation Chair","https://jcbmtyxdosbiuaapukqi.supabase.co/storage/v1/object/public/products/EVACCHAIR%20500H%20MK5%20Evacuation%20Chair.jpg"
"05e2fbb3-a685-4c8d-82a1-39c6496bb1e8","EVAC+CHAIR IBEX TranSeat 700H Evacuation Chair","https://jcbmtyxdosbiuaapukqi.supabase.co/storage/v1/object/public/products/EVACCHAIR%20IBEX%20TranSeat%20700H%20Evacuation%20Chair.jpg"
"de05e3f4-5866-436b-a79c-2cc70c5eb21c","EVAC+CHAIR Power 1000H Motorised Evacuation Chair","https://jcbmtyxdosbiuaapukqi.supabase.co/storage/v1/object/public/products/EVACCHAIR%20Power%201000H%20Motorised%20Evacuation%20Chair.jpg"
"2eb9be4e-13f8-41f7-b329-c7a952cbc9ac","EVAC+CHAIR 200H CarryLite Transit Chair","https://jcbmtyxdosbiuaapukqi.supabase.co/storage/v1/object/public/products/EVACCHAIR%20200H%20CarryLite%20Transit%20Chair.jpg"
"73e4fa69-58b6-494a-8792-3431262573f6","Evacuation Chair Sign","https://jcbmtyxdosbiuaapukqi.supabase.co/storage/v1/object/public/products/Evacuation%20Chair%20Sign.jpg"
"bff7bf3e-1f76-4301-801f-19451f0d57ef","EVAC+CHAIR Wall Hooks","https://jcbmtyxdosbiuaapukqi.supabase.co/storage/v1/object/public/products/EVACCHAIR%20Wall%20Hooks.jpg"
"9fbc64cc-57ef-4da2-8200-1a57dad7186f","Zoll AED Plus Defibrillator with Carry Case - Semi-Automatic","https://jcbmtyxdosbiuaapukqi.supabase.co/storage/v1/object/public/products/Zoll%20AED%20Plus%20Defibrillator%20with%20Carry%20Case%20%20SemiAutomatic.jpg"
"ed1ae771-cd28-4d8b-90fb-5bff44bc94f6","Philips HeartStart HS1 Defibrillator with Carry Case - Semi-Automatic","https://jcbmtyxdosbiuaapukqi.supabase.co/storage/v1/object/public/products/Philips%20HeartStart%20HS1%20Defibrillator%20with%20Carry%20Case%20%20SemiAutomatic.jpg"
"705d9b31-061a-419a-ab8e-b4d13ccfaac6","Defibtech Lifeline AED Defibrillator - Semi-Automatic","https://jcbmtyxdosbiuaapukqi.supabase.co/storage/v1/object/public/products/Defibtech%20Lifeline%20AED%20Defibrillator%20%20SemiAutomatic.jpg"
"17c939f2-5556-4bd7-83af-cfd2d1d59824","DefiSign Life Defibrillator Unit - Semi-Automatic","https://jcbmtyxdosbiuaapukqi.supabase.co/storage/v1/object/public/products/DefiSign%20Life%20Defibrillator%20Unit%20%20SemiAutomatic.jpg"
"3e59c201-53a5-4f27-83b3-654e8848ca9b","Cardiac Science Powerheart G5 Defibrillator Semi-Automatic","https://jcbmtyxdosbiuaapukqi.supabase.co/storage/v1/object/public/products/Cardiac%20Science%20Powerheart%20G5%20Defibrillator%20SemiAutomatic.jpg"
"b6881820-6c4d-4006-af9b-5143e48b8283","HeartSine Samaritan PAD 500P Defibrillator with Carry Case - Semi-Automatic","https://jcbmtyxdosbiuaapukqi.supabase.co/storage/v1/object/public/products/HeartSine%20Samaritan%20PAD%20500P%20Defibrillator%20with%20Carry%20Case%20%20SemiAutomatic.jpg"
"2bfd7ce9-e2a8-474c-a559-5d755c046204","HeartSine Samaritan PAD 500P Defibrillator with Indoor Cabinet and AED Responder Kit","https://jcbmtyxdosbiuaapukqi.supabase.co/storage/v1/object/public/products/HeartSine%20Samaritan%20PAD%20500P%20Defibrillator%20with%20Indoor%20Cabinet%20and%20AED%20Responder%20Kit.jpg"
"e274d044-6d40-4a0e-b32d-642c3525cb2f","Physio-Control Lifepak CR2 USB Defibrillator - Fully Automatic","https://jcbmtyxdosbiuaapukqi.supabase.co/storage/v1/object/public/products/PhysioControl%20Lifepak%20CR2%20USB%20Defibrillator%20%20Fully%20Automatic.jpg"
"ba08ce33-b7c2-4dfb-9a4e-17ec19ccc5f6","Physio-Control Lifepak CR2 USB Fully Automatic Defibrillator with ARKY Indoor Cabinet","https://jcbmtyxdosbiuaapukqi.supabase.co/storage/v1/object/public/products/PhysioControl%20Lifepak%20CR2%20USB%20Fully%20Automatic%20Defibrillator%20with%20ARKY%20Indoor%20Cabinet.jpg"
"a7ea5d68-5bd8-4057-8920-44441203c6d5","Physio-Control Lifepak CR2 USB Fully Automatic Defibrillator with DefibSafe2 Cabinet","https://jcbmtyxdosbiuaapukqi.supabase.co/storage/v1/object/public/products/PhysioControl%20Lifepak%20CR2%20USB%20Fully%20Automatic%20Defibrillator%20with%20DefibSafe2%20Cabinet.jpg"
"2b1b1948-7ec6-41c0-a976-2e6846b9379d","Zoll AED Plus Defibrillator with Carry Case - Fully Automatic","https://jcbmtyxdosbiuaapukqi.supabase.co/storage/v1/object/public/products/Zoll%20AED%20Plus%20Defibrillator%20with%20Carry%20Case%20%20Fully%20Automatic.jpg"
"3a2c874a-ac27-4d08-816b-2f222657e6b2","Zoll AED 3 Defibrillator Unit - Fully Automatic","https://jcbmtyxdosbiuaapukqi.supabase.co/storage/v1/object/public/products/Zoll%20AED%203%20Defibrillator%20Unit%20%20Fully%20Automatic.jpg"
"f1b725a0-c0bd-4c46-9e2b-04f1b3a5380b","Mediana HeartOn A16 Defibrillator Unit - Fully Automatic","https://jcbmtyxdosbiuaapukqi.supabase.co/storage/v1/object/public/products/Mediana%20HeartOn%20A16%20Defibrillator%20Unit%20%20Fully%20Automatic.jpg"
"4fcb25df-2470-45e0-a5ea-82787f3921de","Cardiac Science Powerheart G5 Defibrillator Fully-Automatic","https://jcbmtyxdosbiuaapukqi.supabase.co/storage/v1/object/public/products/Cardiac%20Science%20Powerheart%20G5%20Defibrillator%20FullyAutomatic.jpg"
"4641ab7d-963b-4d8f-9176-9db7ab1240a4","DefiSign Life Defibrillator Unit - Fully Automatic","https://jcbmtyxdosbiuaapukqi.supabase.co/storage/v1/object/public/products/DefiSign%20Life%20Defibrillator%20Unit%20%20Fully%20Automatic.jpg"
"33d5c845-e1f3-456f-b954-993fddbd33ef","HeartSine Samaritan PAD 360P Defibrillator with Indoor Cabinet, Signage, and AED Responder Kit","https://jcbmtyxdosbiuaapukqi.supabase.co/storage/v1/object/public/products/HeartSine%20Samaritan%20PAD%20360P%20Defibrillator%20with%20Indoor%20Cabinet%20Signage%20and%20AED%20Responder%20Kit.jpg"
"077b4178-1418-431e-be17-b3ae1c6e158c","HeartSine Samaritan PAD 360P Defibrillator with Carry Case - Fully Automatic","https://jcbmtyxdosbiuaapukqi.supabase.co/storage/v1/object/public/products/HeartSine%20Samaritan%20PAD%20360P%20Defibrillator%20with%20Carry%20Case%20%20Fully%20Automatic.jpg"
"4e670466-88cd-4bb4-9197-3e79279ad0df","Cardiac Science Powerheart G5 Trainer Kit","https://jcbmtyxdosbiuaapukqi.supabase.co/storage/v1/object/public/products/Cardiac%20Science%20Powerheart%20G5%20Trainer%20Kit.jpg"
"241cca56-1ad3-4807-9a93-0f0236489906","Philips HeartStart FRx Replacement Training Pads II","https://jcbmtyxdosbiuaapukqi.supabase.co/storage/v1/object/public/products/Philips%20HeartStart%20FRx%20Replacement%20Training%20Pads%20II.jpg"
"d39dbcd4-20e0-4b87-ae68-f34eb40b929c","Zoll AED Plus Trainer Replacement Gel Pads - 5 pairs","https://jcbmtyxdosbiuaapukqi.supabase.co/storage/v1/object/public/products/Zoll%20AED%20Plus%20Trainer%20Replacement%20Gel%20Pads%20%205%20pairs.jpg"
"890c2967-b3f8-46cb-a637-800ff99c4594","Physio-Control Lifepak Adult QUIK-PAK Training Electrodes - 5 pairs","https://jcbmtyxdosbiuaapukqi.supabase.co/storage/v1/object/public/products/PhysioControl%20Lifepak%20Adult%20QUIKPAK%20Training%20Electrodes%20%205%20pairs.jpg"
"35a87bc1-6a0d-40ee-a832-adc2378c3202","Cardiac Science Powerheart G3 Paediatric Training Electrode Pads","https://jcbmtyxdosbiuaapukqi.supabase.co/storage/v1/object/public/products/Cardiac%20Science%20Powerheart%20G3%20Paediatric%20Training%20Electrode%20Pads.jpg"
"69686ff1-c1b3-448c-b6cc-c25d6c8004bf","Cardiac Science Powerheart G5 Reusable Training Pads with CPR Device - Adult","https://jcbmtyxdosbiuaapukqi.supabase.co/storage/v1/object/public/products/Cardiac%20Science%20Powerheart%20G5%20Reusable%20Training%20Pads%20with%20CPR%20Device%20%20Adult.jpg"
"43ff6fee-23ab-4e32-907f-9fd707f7bd05","Philips HeartStart FRx Training Pads II Cartridge","https://jcbmtyxdosbiuaapukqi.supabase.co/storage/v1/object/public/products/Philips%20HeartStart%20FRx%20Training%20Pads%20II%20Cartridge.jpg"
"2741990a-b010-433a-b4ca-9bb94108387a","Zoll AED Plus Training CPR-D padz Set","https://jcbmtyxdosbiuaapukqi.supabase.co/storage/v1/object/public/products/Zoll%20AED%20Plus%20Training%20CPRD%20padz%20Set.jpg"
"d152ef01-8dee-42d8-a251-712d933592ee","Cardiac Science Powerheart G5 Reusable Training Pads - Paediatric","https://jcbmtyxdosbiuaapukqi.supabase.co/storage/v1/object/public/products/Cardiac%20Science%20Powerheart%20G5%20Reusable%20Training%20Pads%20%20Paediatric.jpg"
"8709db01-465d-4e3a-aaf7-f475ca47cd29","Cardiac Science Powerheart G3 Adult Training Electrode Pads","https://jcbmtyxdosbiuaapukqi.supabase.co/storage/v1/object/public/products/Cardiac%20Science%20Powerheart%20G3%20Adult%20Training%20Electrode%20Pads.jpg"
"ab77b95b-e395-4894-9170-00b45b7513da","Cardiac Science Powerheart G5 Reusable Training Pads - Adult","https://jcbmtyxdosbiuaapukqi.supabase.co/storage/v1/object/public/products/Cardiac%20Science%20Powerheart%20G5%20Reusable%20Training%20Pads%20%20Adult.jpg"
"8f7969fb-e971-4945-bbb3-732565d933f9","Philips HeartStart HS1 Replacement Adult Training Pads","https://jcbmtyxdosbiuaapukqi.supabase.co/storage/v1/object/public/products/Philips%20HeartStart%20HS1%20Replacement%20Adult%20Training%20Pads.jpg"
"2c3c6d47-9b75-4202-af7f-7d451e101671","Schiller FRED Easyport Defibrillator Battery","https://jcbmtyxdosbiuaapukqi.supabase.co/storage/v1/object/public/products/Schiller%20FRED%20Easyport%20Defibrillator%20Battery.jpg"
"56981de8-e338-46d8-ae0f-75cf8962c804","Zoll AED 3 Defibrillator Battery Pack","https://jcbmtyxdosbiuaapukqi.supabase.co/storage/v1/object/public/products/Zoll%20AED%203%20Defibrillator%20Battery%20Pack.jpg"
"202dbb35-98d0-4ae3-819f-4ddffd2bb42b","Philips HeartStart HS1 & FRx Defibrillator Lithium Battery","https://jcbmtyxdosbiuaapukqi.supabase.co/storage/v1/object/public/products/Philips%20HeartStart%20HS1%20%20FRx%20Defibrillator%20Lithium%20Battery.jpg"
"65b1a6ed-883a-45ef-9bdc-b1d3df66423e","DefiSign Life Defibrillator Battery Pack","https://jcbmtyxdosbiuaapukqi.supabase.co/storage/v1/object/public/products/DefiSign%20Life%20Defibrillator%20Battery%20Pack.jpg"
"901a7385-2d22-4493-b21d-69df21eccac0","Physio-Control Lifepak CR Plus CHARGE-PAK and Electrode Replacement Kit","https://jcbmtyxdosbiuaapukqi.supabase.co/storage/v1/object/public/products/PhysioControl%20Lifepak%20CR%20Plus%20CHARGEPAK%20and%20Electrode%20Replacement%20Kit.jpg"
"f7dd59fa-2f82-4f34-b183-7af0505e3f9d","Defibtech Lifeline View, ECG & Pro 4 Year Battery Pack","https://jcbmtyxdosbiuaapukqi.supabase.co/storage/v1/object/public/products/Defibtech%20Lifeline%20View%20ECG%20%20Pro%204%20Year%20Battery%20Pack.jpg"
"bc278d49-8ad4-4b98-bb45-1cdc7283f238","Philips HeartStart FR3 Defibrillator Battery","https://jcbmtyxdosbiuaapukqi.supabase.co/storage/v1/object/public/products/Philips%20HeartStart%20FR3%20Defibrillator%20Battery.jpg"
"a88934d7-7187-4dbe-9505-1ee42fdd2ac5","Cardiac Science Powerheart G5 Replacement Battery (4 year operation)","https://jcbmtyxdosbiuaapukqi.supabase.co/storage/v1/object/public/products/Cardiac%20Science%20Powerheart%20G5%20Replacement%20Battery%204%20year%20operation.jpg"
"e19450ca-019a-4534-abb7-8882aab74f9e","Physio-Control Lifepak 1000 Defibrillator Edge System Electrodes with Preconnect","https://jcbmtyxdosbiuaapukqi.supabase.co/storage/v1/object/public/products/PhysioControl%20Lifepak%201000%20Defibrillator%20Edge%20System%20Electrodes%20with%20Preconnect.jpg"
"5c228616-506b-4758-b41a-96d32ab3451b","Defibtech Lifeline AED and Auto Adult Defibrillator Pads","https://jcbmtyxdosbiuaapukqi.supabase.co/storage/v1/object/public/products/Defibtech%20Lifeline%20AED%20and%20Auto%20Adult%20Defibrillator%20Pads.jpg"
"26289fde-015b-421f-a545-f50abeb5217a","Philips HeartStart® FR3 SMART Pads III Defibrillator Pads","https://jcbmtyxdosbiuaapukqi.supabase.co/storage/v1/object/public/products/Philips%20HeartStart%20FR3%20SMART%20Pads%20III%20Defibrillator%20Pads.jpg"
"46565b05-a552-4491-848a-9567901007e0","Cardiac Science Powerheart AED G3 Plus Defibrillator Pads","https://jcbmtyxdosbiuaapukqi.supabase.co/storage/v1/object/public/products/Cardiac%20Science%20Powerheart%20AED%20G3%20Plus%20Defibrillator%20Pads.jpg"
"f2927b09-bb06-4baa-a73e-3ea7d9ba3408","Philips HeartStart® FRx SMART Pads II - Cartridge","https://jcbmtyxdosbiuaapukqi.supabase.co/storage/v1/object/public/products/Philips%20HeartStart%20FRx%20SMART%20Pads%20II%20%20Cartridge.jpg"
"fe134001-8d34-43bf-b940-5740fd16bb51","Cardiac Science Powerheart G5 Adult Defibrillator Pads","https://jcbmtyxdosbiuaapukqi.supabase.co/storage/v1/object/public/products/Cardiac%20Science%20Powerheart%20G5%20Adult%20Defibrillator%20Pads.jpg"
"ad5f6a60-301e-40f4-9d88-2a3cd215141f","DefiSign Life Paediatric Defibrillator Pads","https://jcbmtyxdosbiuaapukqi.supabase.co/storage/v1/object/public/products/DefiSign%20Life%20Paediatric%20Defibrillator%20Pads.jpg"
"400d9984-d67c-4b92-a759-06567b02f144","DefiSign Life Adult Defibrillator Pads","https://jcbmtyxdosbiuaapukqi.supabase.co/storage/v1/object/public/products/DefiSign%20Life%20Adult%20Defibrillator%20Pads.jpg"
"6e5d347f-47c2-4031-8755-bb3ed0585029","Cardiac Science Powerheart G5 Paediatric Child/Infant Defibrillator Pads","https://jcbmtyxdosbiuaapukqi.supabase.co/storage/v1/object/public/products/Cardiac%20Science%20Powerheart%20G5%20Paediatric%20ChildInfant%20Defibrillator%20Pads.jpg"
"8301cdc3-c926-4b04-b066-336617fc1873","ARKY AED Indoor Defibrillator Cabinet - Optional Alarm","https://jcbmtyxdosbiuaapukqi.supabase.co/storage/v1/object/public/products/ARKY%20AED%20Indoor%20Defibrillator%20Cabinet%20%20Optional%20Alarm.jpg"
"be0c8124-450f-4f27-b48c-a036830680c1","HeartSine Defibrillator Indoor Wall Cabinet","https://jcbmtyxdosbiuaapukqi.supabase.co/storage/v1/object/public/products/HeartSine%20Defibrillator%20Indoor%20Wall%20Cabinet.jpg"
"40695aaf-29c4-414b-845b-3a72e2db3ec4","Zoll AED Plus Wall Mount Cabinet with Alarm","https://jcbmtyxdosbiuaapukqi.supabase.co/storage/v1/object/public/products/Zoll%20AED%20Plus%20Wall%20Mount%20Cabinet%20with%20Alarm.jpg"
"bb019fc2-6f08-467f-a590-bf9d2f19eb1b","Rotaid Solid Plus Defibrillator Cabinet with Alarm","https://jcbmtyxdosbiuaapukqi.supabase.co/storage/v1/object/public/products/Rotaid%20Solid%20Plus%20Defibrillator%20Cabinet%20with%20Alarm.jpg"
"9f7be738-aa4b-47b0-a034-1f4f4720d9a9","Rotaid Solid Plus Heat Defibrillator Cabinet with LEDs and Alarm","https://jcbmtyxdosbiuaapukqi.supabase.co/storage/v1/object/public/products/Rotaid%20Solid%20Plus%20Heat%20Defibrillator%20Cabinet%20with%20LEDs%20and%20Alarm.jpg"
"482982bc-c7fa-4800-8f4b-1d332dae566e","Cardiac Science Powerheart G5 Carry Sleeve","https://jcbmtyxdosbiuaapukqi.supabase.co/storage/v1/object/public/products/Cardiac%20Science%20Powerheart%20G5%20Carry%20Sleeve.jpg"
"851306e8-d94c-4d49-948c-aaeddec56f39","Mediana HeartOn A16 Defibrillator Soft Carry Case","https://jcbmtyxdosbiuaapukqi.supabase.co/storage/v1/object/public/products/Mediana%20HeartOn%20A16%20Defibrillator%20Soft%20Carry%20Case.jpg"
"591823d4-d975-4a43-9fa8-a47fcdb82f0c","Defibtech Lifeline AED and Auto Defibrillator Soft Carry Case","https://jcbmtyxdosbiuaapukqi.supabase.co/storage/v1/object/public/products/Defibtech%20Lifeline%20AED%20and%20Auto%20Defibrillator%20Soft%20Carry%20Case.jpg"
"d0e8048d-d21c-4dcf-8291-97f7c1b78f95","Zoll AED 3 Defibrillator Carry Case","https://jcbmtyxdosbiuaapukqi.supabase.co/storage/v1/object/public/products/Zoll%20AED%203%20Defibrillator%20Carry%20Case.jpg"
"7da4b071-6929-41cf-866a-a59221d452ce","Defibtech Lifeline AED and Auto Defibrillator Hard Carry Case","https://jcbmtyxdosbiuaapukqi.supabase.co/storage/v1/object/public/products/Defibtech%20Lifeline%20AED%20and%20Auto%20Defibrillator%20Hard%20Carry%20Case.jpg"
"46d710d7-34b1-44fe-98e0-62065fd2e2ba","HeartSine Samaritan PAD Defibrillator Wall Bracket","https://jcbmtyxdosbiuaapukqi.supabase.co/storage/v1/object/public/products/HeartSine%20Samaritan%20PAD%20Defibrillator%20Wall%20Bracket.jpg"
"c2f7d912-b524-44fd-89e4-095c689802b9","Zoll AED Wall Mounted Bracket","https://jcbmtyxdosbiuaapukqi.supabase.co/storage/v1/object/public/products/Zoll%20AED%20Wall%20Mounted%20Bracket.jpg"
"5abe9fd8-3c89-412a-9926-7c535eed526b","Philips HeartStart Defibrillator Wall Mount Bracket","https://jcbmtyxdosbiuaapukqi.supabase.co/storage/v1/object/public/products/Philips%20HeartStart%20Defibrillator%20Wall%20Mount%20Bracket.jpg"
"3deed667-9a0a-4aa4-8942-5ce532e959a5","Zoll AED 3 Defibrillator Wall Mounted Bracket","https://jcbmtyxdosbiuaapukqi.supabase.co/storage/v1/object/public/products/Zoll%20AED%203%20Defibrillator%20Wall%20Mounted%20Bracket.jpg"
"b2c59422-9707-4de3-a1de-ed0235313bf5","HeartSine Samaritan PAD 350P Defibrillator for Schools Bundle with Optional Cabinet","https://jcbmtyxdosbiuaapukqi.supabase.co/storage/v1/object/public/products/HeartSine%20Samaritan%20PAD%20350P%20Defibrillator%20for%20Schools%20Bundle%20with%20Optional%20Cabinet.jpg"
"9518e5d8-d7a2-49d8-a581-da14931bfa16","HeartSine Samaritan PAD 500P CPR Defibrillator for Schools Bundle with Optional Cabinet","https://jcbmtyxdosbiuaapukqi.supabase.co/storage/v1/object/public/products/HeartSine%20Samaritan%20PAD%20500P%20CPR%20Defibrillator%20for%20Schools%20Bundle%20with%20Optional%20Cabinet.jpg"
"378eb0be-cb8a-45b9-a0cf-cf2a8ff5071e","St John Ambulance Burnshield® Limb & Neck Dressing - 5x100cm","https://jcbmtyxdosbiuaapukqi.supabase.co/storage/v1/object/public/products/St%20John%20Ambulance%20Burnshield%20Limb%20%20Neck%20Dressing%20%205x100cm.jpg"
"276a0ad7-7a58-4a3e-af1e-0bd44ea3b58e","St John Ambulance Defibrillator Responder Kit","https://jcbmtyxdosbiuaapukqi.supabase.co/storage/v1/object/public/products/St%20John%20Ambulance%20Defibrillator%20Responder%20Kit.jpg"
"6d3c3022-c63f-42bc-8246-ab333ed1a52c","St John Ambulance Universal & Universal Plus First Aid Kits","https://jcbmtyxdosbiuaapukqi.supabase.co/storage/v1/object/public/products/St%20John%20Ambulance%20Universal%20%20Universal%20Plus%20First%20Aid%20Kits.jpg"
"8f0a7b2a-d452-4348-a784-45294f3289cb","St John Ambulance Universal First Aid Refill Kit","https://jcbmtyxdosbiuaapukqi.supabase.co/storage/v1/object/public/products/St%20John%20Ambulance%20Universal%20First%20Aid%20Refill%20Kit.jpg"
"e8b6b040-6e59-405d-a118-d09aaae44c9d","St John Ambulance Personal Issue First Aid Kit","https://jcbmtyxdosbiuaapukqi.supabase.co/storage/v1/object/public/products/St%20John%20Ambulance%20Personal%20Issue%20First%20Aid%20Kit.jpg"
"2ced4ea9-38e4-41b6-b8de-888860c5001c","Panoramic Hand Washing Facility Signs","https://jcbmtyxdosbiuaapukqi.supabase.co/storage/v1/object/public/products/Panoramic%20Hand%20Washing%20Facility%20Signs.jpg"
"a68d681d-8a06-42ab-80dd-46aad3892e67","Emergency Equipment Signs","https://jcbmtyxdosbiuaapukqi.supabase.co/storage/v1/object/public/products/Emergency%20Equipment%20Signs.jpg"
"886009e1-6f48-42ca-b0cb-590fff677966","St John Ambulance First Aid Manual - 11th Edition","https://jcbmtyxdosbiuaapukqi.supabase.co/storage/v1/object/public/products/St%20John%20Ambulance%20First%20Aid%20Manual%20%2011th%20Edition.jpg"
"44c9597f-826a-4a78-8dc7-58a10e8d6bb4","Emergency AED Defibrillator Location Signs","https://jcbmtyxdosbiuaapukqi.supabase.co/storage/v1/object/public/products/Emergency%20AED%20Defibrillator%20Location%20Signs.jpg"
"97e45fb3-8381-44af-98f3-4e0e29f26275","Handwashing and Respiratory Hygiene Poster","https://jcbmtyxdosbiuaapukqi.supabase.co/storage/v1/object/public/products/Handwashing%20and%20Respiratory%20Hygiene%20Poster.jpg"
"15f71a9e-5a18-4bff-869e-6c206ba42773","Self-Adhesive Social Distancing Stay 2m Apart Signs","https://jcbmtyxdosbiuaapukqi.supabase.co/storage/v1/object/public/products/SelfAdhesive%20Social%20Distancing%20Stay%202m%20Apart%20Signs.jpg"
"7c818d8d-f164-4b0c-8c4c-d124b005de9f","Self-Adhesive Stay 2m Apart Signs","https://jcbmtyxdosbiuaapukqi.supabase.co/storage/v1/object/public/products/SelfAdhesive%20Stay%202m%20Apart%20Signs.jpg"
"e34350dc-63a0-421f-9dcb-fc375c7a259b","Wash Your Hands Signs","https://jcbmtyxdosbiuaapukqi.supabase.co/storage/v1/object/public/products/Wash%20Your%20Hands%20Signs.jpg"
"da04ff9b-a79c-46ab-a590-2bd9cb39b9c5","Wear Mask Signs","https://jcbmtyxdosbiuaapukqi.supabase.co/storage/v1/object/public/products/Wear%20Mask%20Signs.jpg"
"fa03431a-740d-4519-89e9-65f8651bd1cf","Elbow-Operated Sanitiser Dispenser with Elbow Lever 1000ml - DecaMed","https://jcbmtyxdosbiuaapukqi.supabase.co/storage/v1/object/public/products/ElbowOperated%20Sanitiser%20Dispenser%20with%20Elbow%20Lever%201000ml%20%20DecaMed.jpg"
"72e8671b-dc74-4c47-be23-851600448487","Burnshield® Hydrogel Emergency Burn Spray - 125ml","https://jcbmtyxdosbiuaapukqi.supabase.co/storage/v1/object/public/products/Burnshield%20Hydrogel%20Emergency%20Burn%20Spray%20%20125ml.jpg"
"79fb7f4b-a5ef-4af5-96c9-66786d05e5f2","Burnshield® Burn Dressing - 100 x 100mm","https://jcbmtyxdosbiuaapukqi.supabase.co/storage/v1/object/public/products/Burnshield%20Burn%20Dressing%20%20100%20x%20100mm.jpg"
"8e0d7dac-49e2-49eb-93d1-126df318e36d","BS 8599-1 Compliant Catering First Aid Kits","https://jcbmtyxdosbiuaapukqi.supabase.co/storage/v1/object/public/products/BS%2085991%20Compliant%20Catering%20First%20Aid%20Kits.jpg"
"fb288e0b-073b-45d1-bb18-39223ac0c904","St John Ambulance Body Fluid Disposal Kit for Bulk Spillages","https://jcbmtyxdosbiuaapukqi.supabase.co/storage/v1/object/public/products/St%20John%20Ambulance%20Body%20Fluid%20Disposal%20Kit%20for%20Bulk%20Spillages.jpg"
"37bad319-8c8b-4eab-8a6d-f70fcc235471","Leina Cura First Aid Cabinet","https://jcbmtyxdosbiuaapukqi.supabase.co/storage/v1/object/public/products/Leina%20Cura%20First%20Aid%20Cabinet.jpg"
"3f4b8b48-1222-43bf-ab5a-cb29250d7cb8","UltraFire Green Weatherproof First Aid Kit Cabinet - Large","https://jcbmtyxdosbiuaapukqi.supabase.co/storage/v1/object/public/products/UltraFire%20Green%20Weatherproof%20First%20Aid%20Kit%20Cabinet%20%20Large.jpg"
"3c13c11b-35f7-4d7c-be98-ae7be79ac887","Double Door First Aid Storage Cabinets","https://jcbmtyxdosbiuaapukqi.supabase.co/storage/v1/object/public/products/Double%20Door%20First%20Aid%20Storage%20Cabinets.jpg"
"b84febad-a271-4970-be6c-9fd41f6dbfe2","First Aid Storage Cabinet Additional Shelves","https://jcbmtyxdosbiuaapukqi.supabase.co/storage/v1/object/public/products/First%20Aid%20Storage%20Cabinet%20Additional%20Shelves.jpg"
"f76989a0-76b9-44a8-a116-4535c9389ff9","Deafgard - Bedside Fire Alarm Monitor for the Deaf & Hearing Impaired","https://jcbmtyxdosbiuaapukqi.supabase.co/storage/v1/object/public/products/Deafgard%20%20Bedside%20Fire%20Alarm%20Monitor%20for%20the%20Deaf%20%20Hearing%20Impaired.jpg"
"998e5d30-6f8c-452f-9c83-6da4ba4c67b9","Kitchen Stove Guard - Firechief FSW1","https://jcbmtyxdosbiuaapukqi.supabase.co/storage/v1/object/public/products/Kitchen%20Stove%20Guard%20%20Firechief%20FSW1.jpg"
"098bab10-00b6-4c17-bd19-80b0254dc001","Envirograf 321 Fire Retardant Spray","https://jcbmtyxdosbiuaapukqi.supabase.co/storage/v1/object/public/products/Envirograf%20321%20Fire%20Retardant%20Spray.jpg"
"564f2881-fc9c-4db9-a58f-57ad23349e0d","Radio-Interlinked Battery Powered Smoke & Heat Alarms - UltraFire UB1RF Series","https://jcbmtyxdosbiuaapukqi.supabase.co/storage/v1/object/public/products/RadioInterlinked%20Battery%20Powered%20Smoke%20%20Heat%20Alarms%20%20UltraFire%20UB1RF%20Series.jpg"
"3ce6514a-2d0a-4789-89df-98a8624f2681","Digital Display Carbon Monoxide Alarm 10 Yr Life - Kidde 5DCO","https://jcbmtyxdosbiuaapukqi.supabase.co/storage/v1/object/public/products/Digital%20Display%20Carbon%20Monoxide%20Alarm%2010%20Yr%20Life%20%20Kidde%205DCO.jpg"